,Speaker 1,Speaker 2
0,"
          ","Par Grace & Privilège du Roy, donné à Paris le 8. Jour d’Octobre 1666, signé par le Roy en son Conseil GUITONNEAU. Il est permis à JEAN BAPTISTE POCQUELIN DE MOLIÈRE, Comédien de la Troupe de notre très Cher et très Amé Frère Unique le Duc d’Orléans, de faire imprimer, vendre & débiter une Comédie par lui composée, Intitulée "
1,Registré sur le Livre de la Communauté. Signé PIGET. Syndic,"Et ledit sieur de MOLIÈRE, a cédé &transporté son droit de Privilège à JEAN RIBOU, Marchand Libraire à Paris, pour en jouir suivant l’accord entre eux."
2,"Achevé d’imprimer pour la première fois, le 24. Décembre 1666.","Non je te dis que je n’en veux rien faire : et que c’est à moi de parler, et d’être le Maître."
3,"Et je te dis moi, que je veux que tu vives à ma fantaisie : et que je ne me suis point mariée avec toi, pour souffrir tes fredaines.","Ô la grande fatigue que d’avoir une Femme : et qu’Aristote a bien raison, quand il dit qu’une Femme est pire qu’un Démon !"
4,"Voyez un peu l’habile Homme, avec son benêt d’Aristote.","Oui, habile Homme, trouve-moi un Faiseur de fagots, qui sache, comme moi, raisonner des choses, qui ait servi six ans, un fameux Médecin, et qui ait su dans son jeune âge, son Rudiment par cœur."
5,Peste du Fou fieffé.,Peste de la Carogne.
6,"Que maudit soit l’heure, et le jour, où je m’avisai d’aller dire oui.","Que maudit soit le Bec cornu de Notaire, qui me fit signer ma ruine."
7,"C’est bien à toi, vraiment, à te plaindre de cette affaire : devrais-tu être un seul moment, sans rendre grâce au Ciel de m’avoir pour ta Femme, et méritais-tu d’épouser une personne comme moi ?","Il est vrai que tu me fis trop d’honneur : et que j’eus lieu de me louer la première nuit de nos Noces. Hé ! morbleu, ne me fais point parler là-dessus, je dirais de certaines choses..."
8,Quoi ? que dirais-tu ?,"Baste, laissons là ce Chapitre, il suffit que nous savons ce que nous savons : et que tu fus bien heureuse de me trouver."
9,"Qu’appelles-tu bien heureuse, de te trouver un homme qui me réduit à l’Hôpital, un Débauché, un Traître qui me mange tout ce que j’ai ?","Tu as menti, j’en bois une partie."
10,"Qui me vend, pièce à pièce, tout ce qui est dans le Logis.",C’est vivre de Ménage.
11,Qui m’a ôté jusqu’au Lit que j’avais.,Tu t’en lèveras plus matin.
12,"Enfin, qui ne laisse aucun meuble dans toute la maison.",On en déménage plus aisément.
13,"Et qui du matin jusqu’au soir, ne fait que jouer, et que boire.",C’est pour ne me point ennuyer.
14,"Et que veux-tu pendant ce temps, que je fasse avec ma famille ?",Tout ce qu’il te plaira.
15,J’ai quatre pauvres petits Enfants sur les bras.,Mets-les à terre.
16,"Qui me demandent à toute heure, du pain.","Donne-leur le fouet, quand j’ai bien bu, et bien mangé, je veux que tout le monde soit saoul dans ma maison."
17,"Et tu prétends ivrogne, que les choses aillent toujours de même ?","Ma Femme, allons tout doucement, s’il vous plaît."
18,"Que j’endure éternellement, tes insolences, et tes débauches ?",Ne nous emportons point ma Femme.
19,Et que je ne sache pas trouver le moyen de te ranger à ton devoir ?,"Ma Femme, vous savez que je n’ai pas l’âme endurante : et que j’ai le bras assez bon."
20,Je me moque de tes menaces.,"Ma petite Femme, ma mie, votre peau vous démange, à votre ordinaire."
21,Je te montrerai bien que je ne te crains nullement.,"Ma chère Moitié, vous avez envie de me dérober quelque chose."
22,Crois-tu que je m’épouvante de tes paroles ?,"Doux Objet de mes vœux, je vous frotterai les oreilles."
23,Ivrogne que tu es.,Je vous battrai.
24,Sac à vin.,Je vous rosserai.
25,Infâme.,Je vous étrillerai.
26,"Traître, insolent, trompeur, lâche, coquin, pendard, gueux, bélitre, fripon, maraud, voleur....","Ah ! vous en voulez, donc."
27,"Ah, ah, ah, ah.",Voilà le vrai moyen de vous apaiser.
28,"Holà, holà, holà, fi qu’est ceci ? Quelle infamie, peste soit le Coquin, de battre ainsi sa Femme.","Et je veux qu’il me batte, moi."
29,Ah ! j’y consens de tout mon cœur.,De quoi vous mêlez-vous ?
30,J’ai tort.,Est-ce là votre affaire ?
31,Vous avez raison.,"Voyez un peu cet Impertinent, qui veut empêcher les Maris de battre leurs Femmes."
32,Je me rétracte.,Qu’avez-vous à voir là-dessus ?
33,Rien.,"Est-ce à vous, d’y mettre le nez ?"
34,Non.,Mêlez-vous de vos affaires.
35,Je ne dis plus mot.,Il me plaît d’être battue.
36,D’accord.,Ce n’est pas à vos dépens.
37,Il est vrai.,"Et vous êtes un Sot, de venir vous fourrer où vous n’avez que faire."
38,"Compère, je vous demande pardon de tout mon cœur, faites, rossez, battez, comme il faut, votre Femme, je vous aiderai si vous le voulez ?","Il ne me plaît pas, moi."
39,Ah ! c’est une autre chose.,"Je la veux battre, si je le veux : et ne la veux pas battre, si je ne le veux pas."
40,Fort bien.,"C’est ma Femme, et non pas la vôtre."
41,Sans doute.,Vous n’avez rien à me commander.
42,D’accord.,Je n’ai que faire de votre aide.
43,Très volontiers.,"Et vous êtes un Impertinent, de vous ingérer des affaires d’autrui : apprenez que Cicéron dit, qu’entre l’arbre et le doigt, il ne faut point mettre l’écorce."
44,"Ensuite il revient vers sa femme, et lui dit, en lui pressant la main, Ô çà faisons la paix nous deux. Touche là.",Oui ! après m’avoir ainsi battue !
45,"Cela n’est rien, touche.",Je ne veux pas.
46,Eh !,Non.
47,Ma petite Femme.,Point.
48,"Allons, te dis-je.",Je n’en ferai rien.
49,"Viens, viens, viens.","Non, je veux être en colère."
50,"Fi, c’est une bagatelle, allons, allons.",Laisse-moi là.
51,"Touche, te dis-je.",Tu m’as trop maltraitée.
52,"Eh bien va, je te demande pardon, mets là, ta main.",) mais tu le payeras.
53,"Tu es une Folle, de prendre garde à cela. Ce sont petites choses qui sont, de temps en temps, nécessaires dans l’Amitié : et cinq ou six coups de bâton, entre Gens qui s’aiment, ne font que ragaillardir l’Affection. Va je m’en vais au Bois : et je te promets, aujourd’hui, plus d’un cent de Fagots.","Va, quelque mine que je fasse, je n’oublie pas mon ressentiment : et je brûle en moi-même, de trouver les moyens de te punir des coups que tu me donnes. Je sais bien qu’une femme a toujours dans les mains, de quoi se venger d’un Mari : mais c’est une punition trop délicate pour mon Pendard. Je veux une vengeance qui se fasse un peu mieux sentir : et ce n’est pas contentement, pour l’injure que j’ai reçue."
54,"Parguenne, j’avons pris là, tous deux, une guèble de commission : et je ne sais pas moi, ce que je pensons attraper.","Que veux-tu mon pauvre Nourricier ? il faut bien obéir à notre Maître : et puis, nous avons intérêt, l’un et l’autre, à la santé de sa Fille, notre maîtresse, et, sans doute, son Mariage différé par sa Maladie, nous vaudrait quelque récompense. Horace qui est libéral, a bonne part aux prétentions qu’on peut avoir sur sa Personne : et quoiqu’elle ait fait voir de l’amitié pour un certain Léandre, tu sais bien que son père n’a jamais, voulu consentir à le recevoir pour son Gendre."
55,Ne puis-je point trouver quelque invention pour me venger ?,"Mais quelle fantaisie s’est-il boutée là dans la tête, puisque les médecins y avont tous pardu leur latin ?"
56,"On trouve quelquefois, à force de chercher, ce qu’on ne trouve pas d’abord : et souvent, en de simples lieux ....","Oui, il faut que je m’en venge à quelque prix que ce soit : ces coups de bâton me reviennent au cœur, je ne les saurais digérer, et… ("
57,"Chacun a ses soins dans le Monde : et nous cherchons aussi, ce que nous voudrions bien trouver.","Serait-ce quelque chose, où je vous puisse aider ?"
58,"Cela se pourrait faire, et nous tâchons de rencontrer quelque habile Homme, quelque Médecin particulier, qui pût donner quelque soulagement à la Fille de notre Maître, attaquée d’une Maladie qui lui a ôté, tout d’un coup, l’usage de la langue. Plusieurs Médecins ont déjà épuisé toute leur Science après elle : mais on trouve, parfois, des gens avec des Secrets admirables, de certains Remèdes particuliers, qui font le plus souvent, ce que les autres n’ont su faire, et c’est là, ce que nous cherchons.","Ah ! que le Ciel m’inspire une admirable invention pour me venger de mon Pendard. (Haut.) Vous ne pouviez jamais, vous mieux adresser, pour rencontrer ce que vous cherchez ; et nous avons ici, un Homme, le plus merveilleux Homme du monde, pour les Maladies désespérées."
59,"Et de grâce, où pouvons-nous le rencontrer ?","Vous le trouverez, maintenant, vers ce petit Lieu que voilà, qui s’amuse à couper du Bois."
60,Un Médecin qui coupe du Bois !,"Qui s’amuse à cueillir des Simples, voulez-vous dire ?"
61,"Non, c’est un Homme extraordinaire, qui se plaît à cela, fantasque, bizarre, quinteux, et que vous ne prendriez jamais, pour ce qu’il est. Il va vêtu d’une façon extravagante, affecte, quelquefois, de paraître ignorant, tient sa Science renfermée, et ne fuit rien tant tous les jours, que d’exercer les merveilleux Talents qu’il a eus du Ciel, pour la Médecine.","C’est une chose admirable, que tous les grands Hommes ont toujours du Caprice, quelque petit Grain de Folie, mêlé à leur Science."
62,"La Folie de celui-ci, est plus grande qu’on ne peut croire : car elle va, parfois, jusqu’à vouloir être battu, pour demeurer d’accord de sa capacité ; Et je vous donne avis que vous n’en viendrez point à bout, qu’il n’avouera jamais, qu’il est Médecin, s’il se le met en fantaisie, que vous ne preniez, chacun, un Bâton, et ne le réduisiez à force de coups, à vous confesser à la fin, ce qu’il vous cachera d’abord. C’est ainsi que nous en usons, quand nous avons besoin de lui.",Voilà une étrange folie !
63,"Il est vrai : mais après cela, vous verrez qu’il fait des merveilles.",Comment s’appelle-t-il ?
64,"Il s’appelle Sganarelle : mais il est aisé à connaître. C’est un homme qui a une large Barbe noire, et qui porte une fraise, avec un Habit jaune et vert.","Un habit jaune et vert !C’est donc, le médecin des Paroquets."
65,"Mais est-il bien vrai, qu’il soit si habile, que vous le dites ?","Comment ! C’est un Homme qui fait des Miracles. Il y a six mois, qu’une Femme fut abandonnée de tous les autres Médecins. On la tenait morte, il y avait déjà six heures : et l’on se disposait à l’ensevelir, lorsqu’on y fit venir de force, l’Homme dont nous parlons. Il lui mit, l’ayant vue, une petite goutte de je ne sais quoi dans la Bouche : et dans le même instant, Elle se leva de son Lit, et se mit, aussitôt, à se promener dans sa Chambre, comme si de rien n’eût été."
66,Ah !,Il fallait que ce fût quelque goutte d’Or potable.
67,"Cela pourrait bien être. Il n’y a pas trois semaines, encore, qu’un jeune Enfant de douze ans, tomba du haut du Clocher, en bas, et se brisa, sur le pavé, la Tête, les Bras et les Jambes. On n’y eut pas plus tôt, amené notre Homme, qu’il le frotta par tout le Corps, d’un certain Onguent qu’il sait faire ; et l’Enfant, aussitôt, se leva sur ses pieds, et courut jouer à la fossette.",Ah !
68,"Il faut que cet Homme-là, ait la Médecine Universelle.",Qui en doute ?
69,"Testigué, velà justement, l’Homme qu’il nous faut : allons vite le charcher.",Nous vous remercions du plaisir que vous nous faites.
70,"Mais souvenez-vous bien au moins, de l’avertissement que je vous ai donné.","Eh ! morguenne, laissez-nous faire, s’il ne tient qu’à battre, la Vache est à nous."
71,"Nous sommes bien heureux d’avoir fait cette rencontre : et j’en conçois, pour moi, la meilleure espérance du Monde.","La, la, la."
72,"J’entends quelqu’un qui chante, et qui coupe du Bois.","La, la, la... Ma foi, c’est assez travaillé pour un coup : prenons un peu d’haleine."
73,"Il boit, et dit après avoir bu. Voilà du bois qui est salé, comme tous les Diables.","Allons, morbleu, il ne faut point engendrer de mélancolie."
74,Le voilà lui-même.,Je pense que vous dites vrai : et que j’avons bouté le nez dessus.
75,Voyons de près.,"Ah ! ma petite friponne, que je t’aime, mon petit bouchon."
76,"Que diable, à qui en veulent ces Gens-là ?",C’est lui assurément.
77,"Le velà tout craché, comme on nous l’a défiguré.",Ils consultent en me regardant. Quel dessein auraient-ils ?
78,"Monsieur, n’est-ce pas vous qui vous appelez Sganarelle ?",Eh quoi ?
79,"Je vous demande, si ce n’est pas vous, qui se nomme Sganarelle.","Oui, et non, selon ce que vous lui voulez."
80,Nous ne voulons que lui faire toutes les civilités que nous pourrons.,"En ce cas, c’est moi, qui se nomme Sganarelle."
81,"Monsieur, nous sommes ravis de vous voir. On nous a adressés à vous, pour ce que nous cherchons : et nous venons implorer votre aide, dont nous avons besoin.","Si c’est quelque chose, Messieurs, qui dépende de mon petit Négoce, je suis tout prêt à vous rendre service."
82,"Monsieur, c’est trop de grâce que vous nous faites : mais, Monsieur, couvrez-vous, s’il vous plaît, le Soleil pourrait vous incommoder.","Monsieu, boutez dessus."
83,Voici des Gens bien pleins de cérémonie.,"Monsieur, il ne faut pas trouver étrange que nous venions à vous : les habiles Gens sont toujours recherchés, et nous sommes instruits de votre capacité."
84,"Il est vrai, Messieurs, que je suis le premier Homme du Monde, pour faire des fagots.",Ah ! Monsieur...
85,"Je n’y épargne aucune chose, et les fais d’une façon qu’il n’y a rien à dire.","Monsieur, ce n’est pas cela, dont il est question."
86,"Mais, aussi, je les vends cent dix sols, le cent.","Ne parlons point de cela, s’il vous plaît."
87,"Je vous promets, que je ne saurais les donner à moins.","Monsieur, nous savons les choses."
88,"Si vous savez les choses, vous savez que je les vends cela.","Monsieur, c’est se moquer que..."
89,"Je ne me moque point, je n’en puis rien rabattre.","Parlons d’autre façon, de grâce."
90,"Vous en pourrez trouver autre part, à moins : il y a Fagots, et Fagots. Mais pour ceux que je fais...","Eh ! Monsieur, laissons là, ce discours."
91,"Je vous jure que vous ne les auriez pas, s’il s’en fallait un double.",Eh fi.
92,"Non, en conscience, vous en payerez cela. Je vous parle sincèrement, et ne suis pas Homme à surfaire.","Faut-il, Monsieur, qu’une personne comme vous s’amuse à ces grossières feintes ? s’abaisse à parler de la sorte ? qu’un Homme si savant, un fameux Médecin, comme vous êtes, veuille se déguiser aux yeux du Monde, et tenir enterrés les beaux Talents qu’il a ?"
93,Il est fou.,"De grâce, Monsieur, ne dissimulez point avec nous."
94,Comment ?,"Tout ce Tripotage ne sart de rian, je savons, çen que je savons."
95,"Quoi donc, que me voulez-vous dire ? pour qui me prenez-vous ?","Pour ce que vous êtes, pour un grand Médecin."
96,"Médecin, vous-même : je ne le suis point, et ne l’ai jamais été.",Voilà sa folie qui le tient.
97,"(Haut.) Monsieur, ne veuillez point nier les choses davantage : et n’en venons point, s’il vous plaît, à de fâcheuses extrémités.","À quoi, donc ?"
98,"À de certaines choses, dont nous serions marris.","Parbleu, venez-en à tout ce qu’il vous plaira, je ne suis point Médecin : et ne sais ce que vous me voulez dire."
99,Je vois bien qu’il faut se servir du remède.,"(Haut.) Monsieur, encore un coup, je vous prie d’avouer ce que vous êtes."
100,"Et testigué, ne lantiponez point davantage : et confessez à la franquette, que v’êtes Médecin.",J’enrage.
101,À quoi bon nier ce qu’on sait ?,Pourquoi toutes ces fraimes-là ? à quoi est-ce que ça vous sart ?
102,"Messieurs, en un mot, autant qu’en deux mille, je vous dis, que je ne suis point Médecin.",Vous n’êtes point Médecin ?
103,Non.,V’n’estes pas Médecin ?
104,"Non, vous dis-je.","Puisque vous le voulez, il faut s’y résoudre."
105,"Ah ! ah ! ah ! Messieurs, je suis tout ce qu’il vous plaira.","Pourquoi, Monsieur, nous obligez-vous à cette violence ?"
106,"À quoi bon, nous bailler la peine de vous battre ?",Je vous assure que j’en ai tous les regrets du monde.
107,"Par ma figué, j’en sis fâché, franchement.","Que Diable est ceci, Messieurs, de grâce, est-ce pour rire, ou si tous deux, vous extravaguez, de vouloir que je sois Médecin ?"
108,Quoi ? vous ne vous rendez pas encore : et vous vous défendez d’être Médecin ?,"Diable emporte, si je le suis."
109,Il n’est pas vrai qu’ous sayez Médecin ?,"Non, la peste m’étouffe !"
110,"(Là ils recommencent de le battre.) Ah, ah. Eh bien, Messieurs, oui, puisque vous le voulez, je suis Médecin, je suis Médecin, Apothicaire encore, si vous le trouvez bon. J’aime mieux consentir à tout, que de me faire assommer.","Ah ! voilà qui va bien, Monsieur, je suis ravi de vous voir raisonnable."
111,"Vous me boutez la joie au cœur, quand je vous vois parler comme ça.",Je vous demande pardon de toute mon âme.
112,"Je vous demandons excuse, de la libarté que j’avons prise.","Ouais, serait-ce bien moi qui me tromperais, et serais-je devenu Médecin, sans m’en être aperçu ?"
113,"Monsieur, vous ne vous repentirez pas de nous montrer ce que vous êtes : et vous verrez assurément, que vous en serez satisfait.","Mais, Messieurs, dites-moi, ne vous trompez-vous point vous-mêmes ? Est-il bien assuré que je sois Médecin ?"
114,"Oui, par ma figué.",Tout de bon ?
115,Sans doute.,"Diable emporte, si je le savais !"
116,Comment ? Vous êtes le plus habile Médecin du Monde.,Ah ! ah !
117,"Un Médecin, qui a guari, je ne sais combien de Maladies.",Tudieu !
118,"Une Femme était tenue pour morte, il y avait six heures ; elle était prête à ensevelir, lorsqu’avec une goutte de quelque chose, vous la fîtes revenir, et marcher d’abord, par la chambre.",Peste !
119,"Un petit Enfant de douze ans, se laissit choir du haut d’un clocher, de quoi il eut la Tête, les Jambes, et les bras cassés : et vous, avec je ne sai quel Onguent, vous fîtes qu’aussitôt, il se relevit sur ses pieds, et s’en fut jouer à la fossette.",Diantre !
120,"Enfin, Monsieur, vous aurez contentement avec nous : et vous gagnerez ce que vous voudrez, en vous laissant conduire où nous prétendons vous mener.",Je gagnerai ce que je voudrai ?
121,Oui.,"Ah ! je suis Médecin, sans contredit : Je l’avais oublié, mais je m’en ressouviens. De quoi est-il question ? où faut-il se transporter ?"
122,"Nous vous conduirons. Il est question d’aller voir une Fille, qui a perdu la parole.","Ma foi, je ne l’ai pas trouvée."
123,"Il aime à rire. Allons, Monsieur.",Sans une Robe de Médecin ?
124,Nous en prendrons une.,Tenez cela vous : voilà où je mets mes juleps.
125,"(Puis se tournant vers Lucas en crachant.) Vous, marchez là-dessus, par ordonnance du médecin.","Palsanguenne, velà un Médecin qui me plaît ; je pense qu’il réussira ; car il est Bouffon."
126,"Oui, Monsieur, je crois que vous serez satisfait : et nous vous avons amené le plus grand Médecin du Monde.","Oh morguenne, il faut tirer l’échelle après ceti-là : et tous les autres, ne sont pas daignes de li déchausser ses souillez."
127,C’est un Homme qui a fait des Cures merveilleuses.,Qui a gari des Gens qui estiants morts.
128,"Il est un peu capricieux, comme je vous ai dit : et parfois, il a des moments où son esprit s’échappe, et ne paraît pas ce qu’il est.","Oui, il aime à bouffonner, et l’an dirait par fois, ne v’s en déplaise qu’il a quelque petit coup de hache à la Tête."
129,"Mais dans le fond, il est toute Science : et bien souvent, il dit des choses tout à fait relevées.","Quand il s’y boute, il parle tout fin drait, comme s’il lisait dans un livre."
130,Sa réputation s’est déjà répandue ici : et tout le Monde vient à lui.,"Je meurs d’envie de le voir, faites-le-moi vite venir."
131,Je le vais quérir.,"Par ma fi, Monsieu, ceti-ci fera justement ce qu’ant fait les autres. Je pense que ce sera queussi queumi : et la meilleure Médeçaine, que l’an pourrait bailler à votre fille, ce serait, selon moi, un biau et bon mari, pour qui elle eût de l’amiqué."
132,"Ouais, Nourrice, Ma mie, vous vous mêlez de bien des choses.","Taisez-vous, notre Ménagère Jaquelaine : ce n’est pas à vous, à bouter là votre nez."
133,"Je vous dis et vous douze, que tous ces Médecins n’y feront rian que de l’iau claire, que votre Fille a besoin d’autre chose, que de Ribarbe, et de sené, et qu’un Mari est une emplâtre qui garit tous les maux des Filles.","Est-elle en état, maintenant, qu’on s’en voulût charger, avec l’infirmité qu’elle a ? Et lorsque j’ai été dans le dessein de la marier, ne s’est-elle pas opposée à mes volontés ?"
134,"Je le crois bian, vous li vouilliez bailler cun homme qu’alle n’aime point. Que ne preniais-vous ce Monsieu Liandre, qui li touchait au cœur ?Alle aurait été fort obéissante : et je m’en vas gager qu’il la prendrait li, comme alle est, si vous la li vouillais donner.",Ce Léandre n’est pas ce qu’il lui faut : il n’a pas du Bien comme l’autre.
135,"Il a un oncle qui est si riche, dont il est hériquié.","Tous ces Biens à venir, me semblent autant de Chansons. Il n’est rien tel que ce qu’on tient : et l’on court grand risque de s’abuser, lorsque l’on compte sur le bien qu’un autre vous garde. La mort n’a pas toujours les oreilles ouvertes aux vœux et aux prières de Messieurs les héritiers : et l’on a le temps d’avoir les dents longues, lorsqu’on attend, pour vivre, le trépas de quelqu’un."
136,"Enfin, j’ai, toujours, ouï dire, qu’en Mariage, comme ailleurs, Contentement passe Richesse. Les Bères et les Mères ant cette maudite couteume, de demander toujours, Qu’a-t-il ? et : Qu’a-t-elle ? et le compère Biarre, a marié sa fille Simonette, au gros Thomas, pour un quarquié de Vaigne qu’il avait davantage que le jeune Robin, où alle avait bouté son amiquié : et velà que la pauvre Creiature en est devenue jaune comme un Coing, et n’a point profité tout depuis ce temps-là. C’est un bel exemple pour vous, Monsieu ; on n’a que son plaisir en ce Monde : et j’aimerais mieux, bailler à ma Fille, un bon Mari qui li fût agriable, que toutes les Rentes de la Biausse.","Peste ! Madame la Nourrice, comme vous dégoisez ! Taisez-vous, je vous prie, vous prenez trop de soin, et vous échauffez votre Lait."
137,"Morgué, tais-toi, T’es cune impartinante. Monsieu n’a que faire de tes discours, et il sait ce qu’il a à faire. Mêle-toi de donner à téter à ton Enfant, sans tant faire la raisonneuse. Monsieu est le Père de sa Fille ; et il est bon et sage, pour voir ce qu’il li faut.","Tout doux, Oh, tout doux."
138,"Monsieu, je veux un peu la mortifier : et ly apprendre le respect qu’alle vous doit.","Oui, mais ces gestes ne sont pas nécessaires."
139,"Monsieur préparez-vous, voici notre Médecin qui entre.","Monsieur, je suis ravi de vous voir chez moi : et nous avons grand besoin de vous."
140,Hippocrate dit .... que nous nous couvrions tous deux.,Hippocrate dit cela ?
141,Oui.,"Dans quel Chapitre, s’il vous plaît ?"
142,Dans son Chapitre des Chapeaux.,"Puisque Hippocrate le dit, il le faut faire."
143,"Monsieur le Médecin, ayant appris les merveilleuses choses...","À qui parlez-vous, de grâce ?"
144,À vous.,Je ne suis pas Médecin.
145,Vous n’êtes pas Médecin ?,Non vraiment.
146,Tout de bon ?,Tout de bon. Ah ! ah ! ah !
147,"Vous êtes Médecin, maintenant, je n’ai jamais eu d’autres Licences.",Quel diable d’homme m’avez-vous là amené ?
148,Je vous ai bien dit que c’était un Médecin goguenard.,"Oui, Mais je l’enverrais promener avec ses goguenarderies."
149,"Ne prenez pas garde à ça, Monsieu, ce n’est que pour rire.",Cette raillerie ne me plaît pas.
150,"Monsieur, je vous demande pardon de la liberté que j’ai prise.","Monsieur, je suis votre serviteur."
151,Je suis fâché...,Cela n’est rien.
152,Des coups de bâton ....,Il n’y a pas de mal.
153,Que j’ai eu l’honneur de vous donner.,"Ne parlons plus de cela. Monsieur, j’ai une Fille qui est tombée dans une étrange Maladie."
154,"Je suis ravi, Monsieur, que votre Fille ait besoin de moi : et je souhaiterais de tout mon cœur, que vous en eussiez besoin, aussi, vous et toute votre Famille, pour vous témoigner l’envie que j’ai de vous servir.",Je vous suis obligé de ces sentiments.
155,"Je vous assure que c’est du meilleur de mon âme, que je vous parle.",C’est trop d’honneur que vous me faites.
156,Comment s’appelle votre Fille ?,Lucinde.
157,Lucinde ! Ah beau nom à médicamenter ! Lucinde !,Je m’en vais voir un peu ce qu’elle fait.
158,Qui est cette grande femme-là ?,C’est la nourrice d’un petit Enfant que j’ai.
159,"Peste ! le joli Meuble que voilà. Ah Nourrice, charmante Nourrice, ma Médecine est la très humble Esclave de votre Nourricerie ; et je voudrais bien être le petit Poupon fortuné, qui tétât le Lait de vos bonnes grâces.","Tous mes Remèdes ; toute ma Science, toute ma Capacité est à votre service, et..."
160,"Avec votte parmission, Monsieu le Médecin, laissez là ma Femme, je vous prie.","Quoi, est-elle votre Femme ?"
161,Oui.,"Ah vraiment, je ne savais pas cela : et je m’en réjouis pour l’amour de l’un et de l’autre."
162,"Tout doucement, s’il vous plaît.","Je vous assure, que je suis ravi que vous soyez unis ensemble (Il fait encore semblant d’embrasser Lucas : et passant dessous ses bras, se jette au co"
163,"Eh testigué, point tant de compliments, je vous supplie.","Ne voulez-vous pas que je me réjouisse avec vous, d’un si bel Assemblage ?"
164,"Avec moi, tant qu’il vous plaira : mais avec ma Femme, trêve de sarimonie.","Je prends part, également, au bonheur de tous deux ("
165,"Ah vartigué, Monsieu le Médecin, que de l’antiponages.","Monsieur, voici tout à l’heure, ma Fille qu’on va vous amener."
166,"Je l’attends, Monsieur, avec toute la Médecine.",Où est-elle ?
167,Là -dedans.,Fort bien.
168,"Mais, comme je m’intéresse à toute votre Famille, il faut que j’essaye un peu le Lait de votre Nourrice : et que je visite son Sein.","Nanin, nanin, je n’avons que faire de ça."
169,"C’est l’Office du Médecin, de voir les Tétons des Nourrices.","Il gnia Office qui quienne, je sis votte sarviteur."
170,As-tu bien la hardiesse de t’opposer au Médecin ?Hors de là.,Je me moque de ça.
171,Je te donnerai la fièvre.,"Ôte-toi de là, aussi, est-ce que je ne sis pas assez grande pour me défendre moi-même, s’il me fait quelque chose, qui ne soit pas à faire ?"
172,Je ne veux pas qu’il te tâte moi.,"Fi, le vilain, qui est jaloux de sa Femme."
173,Voici ma fille.,"Est-ce là, la Malade ?"
174,"Oui, je n’ai qu’elle de Fille : et j’aurais tous les regrets du Monde, si elle venait à mourir.","Qu’elle s’en garde bien, il ne faut pas qu’elle meure, sans l’Ordonnance du Médecin."
175,"Allons, un Siège.",Voilà une Malade qui n’est pas tant dégoûtante : et je tiens qu’un Homme bien sain s’en accommoderait assez.
176,"Vous l’avez fait rire, Monsieur.","Tant mieux, lorsque le Médecin fait rire le Malade, c’est le meilleur signe du Monde. Eh bien, de quoi est-il question ? qu’avez-vous ? quel est le mal que vous sentez ?"
177,"Han, hi, hom, han.",Eh ! que dites-vous ?
178,"Han, hi, hon, han, han, hi, hom.",Quoi ?
179,"Han, hi, hom.","Han, hi, hon, han ha. Je ne vous entends point : quel diable de langage est-ce là ?"
180,"Monsieur, c’est là, sa Maladie. Elle est devenue muette, sans que jusques ici, on en ait pu savoir la cause : et c’est un Accident qui a fait reculer son Mariage.",Et pourquoi ?
181,"Celui qu’elle doit épouser, veut attendre sa Guérison, pour conclure les choses.","Et qui est ce Sot-là, qui ne veut pas que sa Femme soit muette ? Plût à Dieu que la mienne eût cette maladie, je me garderais bien de la vouloir guérir."
182,"Enfin, Monsieur, nous vous prions d’employer tous vos soins, pour la soulager de son mal.","Ah ! Ne vous mettez pas en peine. Dites-moi un peu, ce mal l’oppresse-t-il beaucoup ?"
183,"Oui, Monsieur.",Tant mieux. Sent-elle de grandes douleurs ?
184,Fort grandes.,C’est fort bien fait. Va-t-elle où vous savez ?
185,Oui.,Copieusement ?
186,Je n’entends rien à cela.,La Matière est-elle louable ?
187,Je ne me connais pas à ces choses.,Donnez-moi votre Bras. Voilà un Pouls qui marque que votre fille est muette.
188,"Eh ! oui, Monsieur, c’est là son mal: vous l’avez trouvé tout du premier coup.","Ah, ah."
189,"Voyez, comme il a deviné sa Maladie.","Nous autres grands Médecins, nous connaissons d’abord, les choses. Un Ignorant aurait été embarrassé, et vous eût été dire : C’est ceci, c’est cela : mais moi, je touche au but du premier coup, et je vous apprends que votre Fille est Muette."
190,"Oui, mais je voudrais bien que vous me pussiez dire d’où cela vient.",Il n’est rien plus aisé. Cela vient de ce qu’elle a perdu la parole.
191,"Fort bien : mais la Cause, s’il vous plaît, qui fait qu’elle a perdu la Parole ?",Tous nos meilleurs Auteurs vous diront que c’est l’empêchement de l’action de sa Langue.
192,"Mais, encore, vos sentiments sur cet empêchement de l’action de sa langue ?",Aristote là-dessus dit .... de fort belles choses.
193,Je le crois.,Ah ! c’était un grand Homme !
194,Sans doute.,"Grand Homme tout à fait : un Homme qui était plus grand que moi, de tout cela. Pour revenir, donc, à notre raisonnement, je tiens que cet empêchement de l’action de sa langue, est causé par de certaines Humeurs qu’entre nous autres, Savants, nous appelons humeurs peccantes, peccantes, c’est-à-dire... humeurs peccantes : d’autant que les vapeurs formées par les exhalaisons des influences qui s’élèvent dans la Région des Maladies, venant... pour ainsi dire... à... Entendez-vous le Latin ?"
195,En aucune façon.,Vous n’entendez point le Latin !
196,Non.,"Cabricias arci thuram, catalamus, singulariter, nominativo hæc Musa, « la Muse », Bonus, Bona, Bonum, Deus sanctus, estne oratio latinas ? Etiam, « oui », Quare, « pourquoi ? » Quia substantivo, et adjectivum concordat in generi, numerum, et casus."
197,Ah ! que n’ai-je étudié !,L’habile homme que velà !
198,"Oui, ça est si biau, que je n’y entends goutte.","Or ces vapeurs, dont je vous parle, venant à passer du côté gauche, où est le Foie, au côté Droit, où est le cœur, il se trouve que le Poumon que nous appelons en Latin "
199,Oui.,"Ont une certaine malignité qui est causée ... Soyez attentif, s’il vous plaît."
200,Je le suis.,"Qui est causée par l’âcreté des humeurs, engendrées dans la concavité du Diaphragme, il arrive que ces vapeurs .... Ossabandus, nequeys, nequer, potarinum, quipsa milus. Voilà justement, ce qui fait que votre Fille est muette."
201,"Ah que ça est bian dit, notte Homme !",Que n’ai-je la langue aussi bian pendue !
202,"On ne peut pas mieux raisonner sans doute. Il n’y a qu’une seule chose qui m’a choqué. C’est l’endroit du Foie et du Cœur. Il me semble que vous les placez autrement qu’ils ne sont. Que le Cœur est du côté gauche, et le Foie du côté droit.","Oui, cela était, autrefois, ainsi ; mais nous avons changé tout cela, et nous faisons maintenant la Médecine d’une Méthode toute nouvelle."
203,C’est ce que je ne savais pas : et je vous demande pardon de mon ignorance.,Il n’y a point de mal: et vous n’êtes pas obligé d’être aussi habile que nous.
204,"Assurément : mais Monsieur, que croyez-vous qu’il faille faire à cette maladie ?","Ce que je crois, qu’il faille faire ?"
205,Oui.,"Mon avis est qu’on la remette sur son Lit : et qu’on lui fasse prendre pour Remède, quantité de Pain trempé dans du Vin."
206,"Pourquoi cela, Monsieur ?","Parce qu’il y a dans le Vin et le Pain, mêlés ensemble, une Vertu sympathique, qui fait parler. Ne voyez-vous pas bien qu’on ne donne autre chose aux Perroquets : et qu’ils apprennent à parler en mangeant de cela ?"
207,"Cela est vrai, ah ! le grand Homme ! vite, quantité de Pain et de Vin.","Je reviendrai voir sur le soir, en quel état elle sera."
208,"(À la nourrice.) Doucement vous. Monsieur, voilà une nourrice à laquelle il faut que je fasse quelques petits Remèdes.","Qui, moi ? Je me porte le mieux du Monde."
209,"Tant pis Nourrice, tant pis. Cette grande santé est à craindre : et il ne sera mauvais de vous faire quelque petite Saignée amiable, de vous donner quelque petit Clystère dulcifiant.","Mais, Monsieur, voilà une mode que je ne comprends point. Pourquoi s’aller faire saigner, quand on n’a point de maladie ?"
210,"Il n’importe, la Mode en est salutaire : et comme on boit pour la Soif à venir, il faut se faire, aussi, saigner pour la maladie à venir.","Ma fi, je me moque de ça ; et je ne veux point faire de mon corps une Boutique d’Apothicaire."
211,Vous êtes rétive aux Remèdes : mais nous saurons vous soumettre à la Raison.,(Parlant à Géronte.) Je vous donne le bonjour.
212,"Attendez un peu, s’il vous plaît.",Que voulez-vous faire ?
213,"Vous donner de l’Argent, Monsieur.","Je n’en prendrai pas, Monsieur."
214,Monsieur ....,Point du tout.
215,Un petit moment.,En aucune façon.
216,De grâce.,Vous vous moquez.
217,Voilà qui est fait.,Je n’en ferai rien.
218,Eh !,Ce n’est pas l’Argent qui me fait agir.
219,Je le crois.,Cela est-il de poids ?
220,"Oui, Monsieur.",Je ne suis pas un Médecin mercenaire.
221,Je le sais bien.,L’intérêt ne me gouverne point.
222,Je n’ai pas cette pensée.,"Ma foi, cela ne va pas mal, et pourvu que..."
223,"Monsieur, il y a longtemps que je vous attends : et je viens implorer votre assistance.",Voilà un pouls qui est fort mauvais.
224,"Je ne suis point Malade, Monsieur ; et ce n’est pas pour cela, que je viens à vous.","Si vous n’êtes pas Malade, que Diable ne le dites-vous donc ?"
225,"Non, pour vous dire la chose en deux mots, je m’appelle Léandre, qui suis amoureux de Lucinde, que vous venez de visiter : et comme, par la mauvaise humeur, de son Père, toute sorte d’accès m’est fermé auprès d’elle, Je me hasarde à vous prier de vouloir servir mon amour : et de me donner lieu d’exécuter un Stratagème que j’ai trouvé, pour lui pouvoir dire deux mots, d’où dépendent, absolument, mon bonheur, et ma vie.","Pour qui me prenez-vous ? Comment oser vous adresser à moi, pour vous servir dans votre amour, et vouloir ravaler la Dignité de Médecin, à des Emplois de cette nature ?"
226,"Monsieur, ne faites point de bruit.","J’en veux faire moi, vous êtes un impertinent."
227,Eh ! Monsieur doucement.,Un mal avisé.
228,De grâce.,Je vous apprendrai que je ne suis point Homme à cela : et que c’est une insolence extrême...
229,Monsieur.,"De vouloir m’employer... je ne parle pas pour vous : car vous êtes honnête Homme, et je serais ravi de vous rendre service. Mais il y a de certains Impertinents au Monde, qui viennent prendre les Gens pour ce qu’ils ne sont pas : et je vous avoue que cela me met en colère."
230,"Je vous demande pardon, Monsieur, de la liberté que...",Vous vous moquez : de quoi est-il question ?
231,"Vous saurez, donc, Monsieur, que cette Maladie que vous voulez guérir, est une feinte Maladie. Les Médecins ont raisonné là-dessus, comme il faut ; et ils n’ont pas manqué de dire, que cela procédait, qui, du Cerveau, qui, des Entrailles, qui, de la Rate, qui, du Foie. Mais il est certain que l’Amour en est la véritable Cause : et que Lucinde n’a trouvé cette Maladie, que pour se délivrer d’un Mariage, dont elle était importunée. Mais, de crainte qu’on ne nous voie ensemble, retirons-nous d’ici : et je vous dirai en marchant, ce que je souhaite de vous.","Allons, Monsieur, vous m’avez donné pour votre amour, une Tendresse qui n’est pas concevable : et j’y perdrai toute ma Médecine, ou la Malade crèvera, ou bien elle sera à vous."
232,"Il me semble que je ne suis pas mal ainsi, pour un Apothicaire : et comme le Père ne m’a guère vu, ce changement d’Habit, et de Perruque, est assez capable, je crois, de me déguiser à ses yeux.",Sans doute.
233,"Tout ce que je souhaiterais, serait de savoir cinq ou six grands Mots de Médecine, pour parer mon Discours, et me donner l’air d’habile Homme.","Allez, allez, tout cela n’est pas nécessaire. Il suffit de l’Habit : et je n’en sais pas plus que vous."
234,Comment ?,"Diable emporte, si j’entends rien en Médecine. Vous êtes honnête Homme : et je veux bien me confier à vous, comme vous vous confiez à moi."
235,"Quoi, vous n’êtes pas effectivement...","Non, vous dis-je, ils m’ont fait Médecin malgré mes Dents. Je ne m’étais jamais mêlé d’être si savant que cela : et toutes mes Études n’ont été que jusqu’en sixième. Je ne sais point sur quoi cette imagination leur est venue : mais quand j’ai vu qu’à toute force, ils voulaient que je fusse Médecin, je me suis résolu de l’être, aux Dépens de qui il appartiendra. Cependant, vous ne sauriez croire comment l’erreur s’est répandue : et de quelle façon, chacun est endiablé à me croire habile Homme. On me vient chercher de tous les côtés : et si les choses vont toujours de même, je suis d’avis de m’en tenir, toute ma vie, à la Médecine. Je trouve que c’est le Métier le meilleur de tous : car soit qu’on fasse bien, ou soit qu’on fasse mal, on est toujours payé de même sorte. La méchante Besogne ne retombe jamais sur notre Dos : et nous taillons, comme il nous plaît, sur l’Étoffe où nous travaillons. Un Cordonnier en faisant des Souliers, ne saurait gâter un morceau de Cuir, qu’il n’en paye les Pots cassés : mais ici, l’on peut gâter un Homme sans, qu’il en coûte rien. Les Bévues ne sont point pour nous : et c’est toujours, la faute de celui qui meurt. Enfin le bon de cette Profession, est qu’il y a parmi les Morts, une honnêteté, une discrétion la plus grande du Monde : jamais on n’en voit se plaindre du Médecin qui l’a tué."
236,"Il est vrai que les morts sont fort honnêtes Gens, sur cette matière.",Voilà des gens qui ont la mine de me venir consulter. Allez toujours m’attendre auprès du Logis de votre maîtresse.
237,"Monsieu, je venons vous charcher, mon Fils Perrin et moi.",Qu’y a-t-il ?
238,"Sa pauvre mère, qui a nom Parette est dans un lit, Malade, il y a six mois.",Que voulez-vous que j’y fasse ?
239,"Je voudrions, Monsieu, que vous nous baillissiez quelque petite drôlerie pour la garir.",Il faut voir de quoi est-ce qu’elle est Malade.
240,"Alle est malade d’Hypocrisie, Monsieu.",D’Hypocrisie ?
241,"Oui, c’est-à-dire qu’alle est enflée par tout, et l’an dit que c’est quantité de sériosités qu’alle a dans le Corps, et que son Foie, son Ventre, ou sa Rate, comme vous voudrais l’appeler, au glieu de faire du sang, ne fait plus que de L’iau. Alle a de deux jours l’un, la fièvre quotiguenne, avec des lassitules et des douleurs dans les Mufles des jambes. On entend dans sa Gorge, des Fleumes qui sont tout prêts à l’étouffer : parfois, il lui prend des Syncoles, et des Conversions, que je crayons qu’alle est passée. J’avons dans notte Village, un Apothicaire, révérence parler, qui li a donné je ne sai combien d’Histoires : et il m’en coûte plus d’eune douzaine de bons écus, en Lavements, ne v’s en déplaise, en Apostumes, qu’on li a fait prendre, en Infections de Jacinthe, et en Portions Cordales. Mais tout ça, comme dit l’autre, n’a été que de l’Onguent miton mitaine. Il velait li bailler d’eune certaine Drogue que l’on appelle du vin Amétile : mais j’ai-s-eu peur, franchement, que ça l’envoyît à patres, et l’an dit que ces gros médecins tuont je ne sai combien de Monde, avec cette Invention-là.","Venons au fait, mon ami, venons au fait."
242,"Le fait est, Monsieu, que je venons vous prier de nous dire ce qu’il faut que je fassions.",Je ne vous entends point du tout.
243,"Monsieu, ma Mère est Malade, et velà deux Écus que je vous apportons, pour nous bailler queuque Remède.","Ah ! je vous entends, vous. Voilà un Garçon qui parle clairement, qui s’explique comme il faut. Vous dites que votre Mère est malade d’Hydropisie, qu’elle est enflée par tout le corps, qu’elle a la Fièvre, avec des Douleurs dans les jambes : et qu’il lui prend, parfois, des Syncopes, et des Convulsions, c’est-à-dire des Évanouissements."
244,"Eh oui, Monsieu, c’est justement ça.","J’ai compris d’abord, vos paroles. Vous avez un père qui ne sait ce qu’il dit. Maintenant, vous me demandez un remède ?"
245,"Oui, Monsieu.",Un Remède pour la guérir ?
246,C’est comme je l’entendons.,"Tenez, voilà un morceau de Formage, qu’il faut que vous lui fassiez prendre."
247,"Du fromage, Monsieu ?","Oui, c’est un Formage préparé, où il entre de l’Or, du Coral, et des Perles, et quantité d’autres choses précieuses."
248,"Monsieu, je vous sommes bien obligés : et j’allons li faire prendre ça tout à l’heure.","Allez. Si elle meurt, ne manquez pas de la faire enterrer du mieux que vous pourrez."
249,"Voici la belle Nourrice. Ah Nourrice de mon cœur, je suis ravi de cette rencontre : et votre vue est la Rhubarbe, la Casse et le Séné qui purgent toute la Mélancolie de mon Âme.","Par ma figué, Monsieu le Médecin, ça est trop bian dit pour moi : et je n’entends rien à tout votte latin."
250,"Devenez malade, Nourrice, je vous prie, devenez malade pour l’amour de moi. J’aurais toutes les joies du monde, de vous guérir.","Je sis votte sarvante, j’aime bian mieux qu’an ne me guérisse pas."
251,"Que je vous plains, belle Nourrice, d’avoir un mari jaloux et fâcheux comme celui que vous avez !","Que velez-vous, Monsieu, c’est pour la Pénitence de mes Fautes : et là où la Chèvre est liée, il faut bian qu’alle y broute."
252,"Comment, un Rustre comme cela ! Un Homme qui vous observe toujours, et ne veut pas que Personne vous parle !",Hélas ! vous n’avez rien vu encore : et ce n’est qu’un petit échantillon de sa mauvaise humeur.
253,"Est-il possible, et qu’un Homme ait l’Âme assez basse, pour maltraiter une Personne comme vous ? Ah que j’en sais, belle Nourrice, et qui ne sont pas loin d’ici, qui se tiendraient heureux de baiser, seulement, les petits bouts de vos Petons. Pourquoi faut-il qu’une Personne si bien faite, soit tombée en de telles mains : et qu’un franc Animal, un Brutal, un Stupide, un Sot ... ? Pardonnez-moi, Nourrice, si je parle ainsi de votre mari.","Eh, Monsieu, je sai bien qu’il mérite tous ces Noms-là."
254,"Oui, sans doute, Nourrice, il les mérite : et il mériterait encore, que vous lui missiez quelque Chose sur la Tête, pour le punir des Soupçons qu’il a.","Il est bien vrai, que si je n’avais, devant les yeux, que son intérêt, il pourrait m’obliger à queuque étrange chose."
255,"Ma Foi, vous ne feriez pas mal, de vous venger de lui, avec quelqu’un. C’est un Homme, je vous le dis, qui mérite bien cela : et si j’étais assez heureux, belle Nourrice, pour être choisi pour...","Holà ! Lucas, n’as-tu point vu ici, notre Médecin ?"
256,"Et oui, de par tous les Diantres, je l’ai vu, et ma Femme aussi.","Où est-ce, donc, qu’il peut être ?"
257,Je ne sais : mais je voudrais qu’il fût à tous les Guebles.,"Va-t’en voir un peu, ce que fait ma Fille."
258,"Ah ! Monsieur, je demandais où vous étiez.","Je m’étais amusé dans votre Cour, à expulser le superflu de la Boisson. Comment se porte la Malade ?"
259,"Un peu plus mal, depuis votre Remède.",Tant mieux. C’est signe qu’il opère.
260,"Oui, mais en opérant, je crains qu’il ne l’étouffe.","Ne vous mettez pas en peine : j’ai des Remèdes qui se moquent de tout, et je l’attends à l’Agonie."
261,"Qui est cet homme-là, que vous amenez ?",C’est...
262,Quoi ?,Celui ....
263,Eh.,Qui...
264,Je vous entends.,Votre fille en aura besoin.
265,"Monsieu, velà votre Fille qui veut un peu marcher.","Cela lui fera du bien. Allez-vous-en, Monsieur l’Apothicaire, tâter un peu son Pouls, afin que je raisonne tantôt, avec vous, de sa maladie."
266,"Monsieur, c’est une grande et subtile Question entre les Doctes, de savoir si les Femmes sont plus faciles à guérir que les Hommes ? Je vous prie d’écouter ceci, s’il vous plaît. Les uns disent que non, les autres disent que oui : et moi je dis que oui, et non. D’autant que l’incongruité des Humeurs opaques, qui se rencontrent au Tempérament naturel des Femmes, étant cause que la Partie Brutale veut toujours prendre empire sur la Sensitive, on voit que l’inégalité de leurs opinions, dépend du Mouvement oblique, du Cercle de la Lune : et comme le Soleil qui darde ses Rayons sur la Concavité de la Terre, trouve...","Non, je ne suis point du tout capable de changer de sentiment."
267,"Voilà ma fille qui parle. Ô grande Vertu du Remède !Ô admirable Médecin !Que je vous suis obligé, Monsieur, de cette guérison merveilleuse : et que puis-je faire pour vous, après un tel service ?",Voilà une maladie qui m’a bien donné de la peine !
268,"Oui, mon Père, j’ai recouvré la parole : mais je l’ai recouvrée pour vous dire, que je n’aurai jamais d’autre époux que Léandre, et que c’est inutilement que vous voulez me donner Horace.",Mais...
269,Rien n’est capable d’ébranler la Résolution que j’ai prise.,Quoi....
270,Vous m’opposerez en vain de belles Raisons.,Si...
271,Tous vos Discours ne serviront de rien.,Je...
272,C’est une chose où je suis déterminée.,Mais...
273,"Il n’est Puissance Paternelle, qui me puisse obliger à me marier malgré moi.",J’ai...
274,Vous avez beau faire tous vos efforts.,Il...
275,Mon cœur ne saurait se soumettre à cette tyrannie.,La...
276,Et je me jetterai plutôt dans un Convent que d’épouser un Homme que je n’aime point.,Mais...
277,Non. En aucune façon. Point d’affaire. Vous perdez le temps. Je n’en ferai rien. Cela est résolu.,"Ah ! quelle impétuosité de paroles, il n’y a pas moyen d’y résister. Monsieur, je vous prie de la faire redevenir muette."
278,"C’est une chose qui m’est impossible. Tout ce que je puis faire pour votre service, est de vous rendre sourd, si vous voulez.",Je vous remercie. Penses-tu donc...
279,"Non, toutes vos raisons ne gagneront rien sur mon Âme.","Tu épouseras Horace, dès ce soir."
280,J’épouserai plutôt la mort.,"Mon Dieu, arrêtez-vous, laissez-moi médicamenter cette Affaire. C’est une Maladie qui la tient : et je sais le Remède qu’il y faut apporter."
281,"Serait-il possible, Monsieur, que vous pussiez, aussi, guérir cette Maladie d’Esprit ?","Oui, laissez-moi faire, j’ai des Remèdes pour tout : et notre Apothicaire nous servira pour cette Cure."
282,(Il appelle l’,"Quelles Drogues, Monsieur, sont celles que vous venez de dire ? Il me semble que je ne les ai jamais ouï nommer."
283,Ce sont Drogues dont on se sert dans les nécessités urgentes.,"Avez-vous jamais vu, une Insolence pareille à la sienne ?"
284,Les Filles sont quelquefois un peu têtues.,Vous ne sauriez croire comme elle est affolée de ce Léandre.
285,"La Chaleur du Sang, fait cela dans les jeunes Esprits.","Pour moi, dès que j’ai eu découvert la violence de cet Amour, j’ai su tenir toujours ma Fille renfermée."
286,Vous avez fait sagement.,Et j’ai bien empêché qu’ils n’aient eu communication ensemble.
287,Fort bien.,"Il serait arrivé quelque folie, si j’avais souffert qu’ils se fussent vus."
288,Sans doute.,Et je crois qu’elle aurait été fille à s’en aller avec lui.
289,C’est prudemment raisonné.,On m’avertit qu’il fait tous ses efforts pour lui parler.
290,Quel Drôle.,Mais il perdra son temps.
291,"Ah, ah.",Et j’empêcherai bien qu’il ne la voie.
292,"Il n’a pas affaire à un Sot, et vous savez des Rubriques, qu’il ne sait pas. Plus fin que vous n’est pas bête.","Ah palsanguenne, Monsieu, vaici bian du tintamarre, votte Fille s’en est enfuie avec son Liandre, c’était lui qui était l’Apothicaire, et velà Monsieu le Médecin, qui a fait cette belle Opération-là."
293,"Comment, m’assassiner de la façon. Allons, un Commissaire, et qu’on empêche qu’il ne sorte. Ah Traître, je vous ferai punir par la justice.","Ah par ma fi, Monsieu le Médecin, vous serez pendu, ne bougez de là seulement."
294,"Ah ! mon Dieu, que j’ai eu de peine à trouver ce Logis : dites-moi un peu des Nouvelles du Médecin que je vous ai donné.","Le velà, qui va être pendu."
295,"Quoi, mon mari pendu, hélas, et qu’a-t-il fait pour cela ?",Il a fait enlever la Fille de notte Maître.
296,"Hélas ! mon cher mari, est-il bien vrai qu’on te va pendre ?","Tu vois, ah."
297,Faut-il que tu te laisses mourir en présence de tant de Gens ?,Que veux-tu que j’y fasse ?
298,"Encore, si tu avais achevé de couper notre Bois, je prendrais quelque consolation.","Retire-toi de là, tu me fends le cœur."
299,"Non, je veux demeurer pour t’encourager à la Mort : et je ne te quitterai point, que je ne t’aie vu pendu.",Ah.
300,"Le Commissaire viendra bientôt, et l’on s’en va vous mettre en lieu, où l’on me répondra de vous.","Hélas, cela ne se peut-il point changer en quelques coups de bâton ?"
301,"Non, non, la Justice en ordonnera .... Mais que vois-je ?","Monsieur, je viens faire paraître Léandre à vos yeux, et remettre Lucinde en votre pouvoir, nous avons eu dessein de prendre la fuite nous deux, et de nous aller marier ensemble : mais cette entreprise a fait place à un procédé plus honnête : je ne prétends point vous voler votre Fille, et ce n’est que de votre main que je veux la recevoir : ce que je vous dirai, Monsieur, c’est que je viens tout à l’heure de recevoir des lettres, par où j’apprends que mon oncle est mort, et que je suis héritier de tous ses biens."
302,"Monsieur, votre Vertu m’est tout à fait considérable, et je vous donne ma Fille, avec la plus grande joie du Monde.",La Médecine l’a échappé belle !
303,"Puisque tu ne seras point pendu, rends-moi grâce d’être Médecin : car c’est moi qui t’ai procuré cet Honneur.","Oui, c’est toi qui m’as procuré je ne sais combien de coups de Bâton."
304,"L’effet en est trop beau, pour en garder du ressentiment.","Soit, je te pardonne ces coups de Bâton, en faveur de la Dignité où tu m’as élevé : mais prépare-toi désormais à vivre dans un grand respect avec un Homme de ma conséquence, et songe que la Colère d’un Médecin est plus à craindre qu’on ne peut croire."
