Word 1,Word 2
debout,tout
partout,debout
encore,l’aurore
habitude,solitude
cœur,langueur
âge,langage
risquer,l’expliquer
licence,silence
l’amour,tour
honte,dompte
mouvements,sentiments
âme,flamme
soleils,pareils
visage,témoignage
amoureux,généreux
monarque,marque
présumer,d’aimer
belle,elle
cœurs,ardeurs
enfance,l’espérance
lumière,fière
jour,d’amour
invincible,sensible
rempli,accompli
puissance,vengeance
abîmé,aimé
guide,d’élide
charmants,sentiments
fête,conquête
aimer,charmer
charmer,flammes
flammes,âmes
lieux,yeux
revêtue,statue
loisir,désir
rivage,image
cour,l’amour
hautaine,haine
carquois,bois
fatalité,beauté
naître,maître
secrets,traits
douceurs,froideurs
victoire,gloire
s’indigner,régner
puissance,diligence
enflammés,renommés
prenez,obstinez
princesse,adresse
soupirs,désirs
politique,s’explique
amour,jour
peine,hautaine
soumis,ennemis
pyle,inutile
vertus,assidus
silence,violence
fameux,d’eux
cœur,froideur
presse,tendresse
puissamment,aisément
indifférence,patience
yeux,glorieux
autres,vôtres
appas,pas
caprice,propice
extrémités,rebutés
pressentir,m’applaudir
confidence,silence
ici,éclairci
l’adore,l’aurore
connaître,paraître
aujourd’hui,lui
bouffonneries,plaisanteries
persuader,hasarder
souhaite,parfaite
moi,effroi
redoutable,effroyable
pas,gras
bête,prête
extravagances,complaisances
chasseurs,peurs
chasse,passe
doux,nous
vilaines,humaines
courir,souffrir
tour,jour
récit,dit
pénible,horrible
enharnaché,découché
homme,somme
vue,touffue
cause,chose
chassé,hérissé
menace,grimace
presser,penser
armes,d’alarmes
quatre,l’abattre
consens,sens
prier,sanglier
place,audace
effort,sort
gloire,l’histoire
amis,remis
rencontré,gré
prérogatives,tentatives
délicat,d’état
glorifie,philosophie
lien,rien
tigresse,adresse
trame,flamme
belle,cruelle
généreux,dangereux
père,mère
d’aujourd’hui,lui
l’avantage,village
alarmes,charmes
clairement,sentiment
puissance,offense
bonheur,cœur
murmure,aventure
extrême,aime
parler,m’ébranler
charmes,armes
emplois,bois
l’espérance,défense
profité,vanité
quête,bête
gloire,croire
envie,vie
jours,secours
dire,inspire
esprit,l’aigrit
salaire,défaire
dédains,desseins
possible,sensible
faire,contraire
dédaigner,gagner
elle,nouvelle
mouvement,événement
blême,j’aime
admirable,capable
abois,philis
structure,nature
frais,jamais
tranquilles,villes
villes,embellis
embellis,d’élis
multitude,solitude
magnifique,publique
présence,magnificence
m’acquérir,courir
sorte,l’emporte
s’effaroucher,toucher
donne,personne
être,paraître
entretien,rien
jour,l’amour
suivre,vivre
pris,cloris
conquêtes,bêtes
vous,doux
mortelle,cruelle
fidèle,elle
pareille,oreille
émaillés,dépouillés
rigueur,cœur
promptement,amant
bien,moyen
seconde,monde
trois...,unissons-nous...
d’importance,excellence
rogne,tigne
peste,goutte
dispense,assurance
profondes,ondes
humides,néréides
divinités,beautés
cour,jour
fortune,neptune
assurance,l’inconstance
inébranlable,favorable
hélas,pas
effort,fort
bergère,sévère
affaires,mystères
cœur,l’honneur
tircis,soucis
soupire,martyre
former,enflammer
contrainte,crainte
amoureux,heureux
entière,sévère
vainqueurs,cœurs
yeux,oiseaux
soupirer,expirer
tendre,défendre
défendre,rendre
amitié,pitié
rigueur,ardeur
préférence,indifférence
sortez,retraites
amour,ardeur
aimons-nous,doux
querelles,belles
tendresse,cesse
soucie,d’envie
vieillissants,innocents
couronné,fortuné
voix,choix
cieux,précieux
subsiste,triste
glorieux,dieux
clartés,vantés
asseoir,voir
incomparable,inséparable
vœux,feux
doux,glougloux
glougloux,jaloux
remplie,mie
videz-vous,jaloux
garde,regarde
cœur,voleur
voleur,yeux
puissance,silence
chose,soppose
soppose,dispose
chose,s’oppose
s’oppose,oppose
éternelle,cruelle
cruelle,rebelle
rebelle,fidèle
fidèle,éternelle
bien,rien
guarirui,qui
pazzia,malinconia
malato,disperato
d’allegria,pazzia
ridete,volete
vicino,vino
tabac,pourceaugnac
su,monsù
male,servitiale
droit,endroit
auteurs,glossateurs
papinian,tribonian
imole,barthole
policés,sensés
hollandais,polonais
flamands,allemands
embarras,cas
réjouir,plaisir
s’assemble,semble
honneur,bonheur
inquiétude,solitude
secrètes,êtes
d’aimer,charmer
inhumaines,saines
m’empresse,tendresse
tigresse,aussi
aussi,ainsi
elle,cruelle
danara,comprara
accina,matina
caldara,parlara
parlara,comprara
soupire,rire
comprara,bastonara
bastonara,andara
adoro,ristoro
nò,morirò
muoro,adoro
dormite,pensate
pensate,ferite
ferite,fate
fate,fingete
martoro,adoro
desiri,sospiri
preggiate,m’ingannate
prova,trova
fede,crede
misero,piangere
piangere,libero
libero,ridere
voleur,peur
prison,raison
croire,boire
passer,recommencer
charmant,contentement
belle,polichinelle
philis,tircis
d’appas,hélas
assujettir,mourir
mourir,consentir
l’efface,glace
glace,place
passe-temps,printemps
jeunesse,tendresse
attendre,rendre
coûte,redoute
tendrement,amant
s’engage,volage
malheur,douleur
rage,volage
rigueurs,ardeurs
supplices,délices
doctores,professores
argentum,appetitum
confréri,admirari
inventio,professio
trovata,benedicta
solo,miraculo
tempore,vivere
vivere,genere
videmus,sumus
petiti,infatuti
remedios,deos
ordonnanciis,videtis
videtis,sapientiæ
sapientiæ,prudentiæ
travaillare,conservare
conservare,honore
honore,recevere
recevere,corpore
estis,trovabitis
medici,voici
interrogandum,examinandum
præses,doctores
doctores,illustres
bacheliero,honoro
quare,dormire
dormire,doctore
doctore,quare
assoupire,respondere
respondere,entrare
entrare,corpore
corpore,respondere
præsidis,facultatis
facultatis,actis
actis,assistantis
remedia,maladia
maladia,hidropisia
facere,donare
donare,seignare
seignare,purgare
purgare,respondere
facultati,præsenti
eticis,asmaticis
maladias,maravillas
præsidem,facultatem
facultatem,honorabilem
honorabilem,écoutantem
écoutantem,questionem
unus,manus
redoublamentis,capitis
côté,difficultaté
respirare,dire
dire,bacheliere
bacheliere,facere
maladia,opiniatria
garire,facere
statuta,præscripta
omnibus,consultationibus
aucunis,facultatis
boneto,docto
medicandi,purgandi
purgandi,seignandi
seignandi,perçandi
perçandi,taillandi
taillandi,coupandi
coupandi,occidendi
folla,ridicula
m’engageare,donare
donare,adjoutare
soleillo,cielo
l’oceano,printanno
moto,remercimento
remercimento,docto
debeo,meo
vivat,parlat
parlat,bibat
bibat,tuat
doctas,ordonnancias
chirurgorum,apotiquarum
anni,boni
verolas,pluresias
pluresias,dissenterias
martyre,dire
tue,combattue
vérité,qualité
flamme,blâme
heure,demeure
comtesse,tigresse
janneton,mouton
soupire,dire
loi,foi
cruelle,fidèle
l’amour,ardeur
cœur,d’horreur
enflammer,d’aimer
belle,éternelle
embellie,envie
convie,vie
vie,philosophie
versez,assez
sabir,respondir
sabir,tazir
intendir,tazir
giourdina,mattina
mattina,paladina
paladina,giourdina
giourdina,scarcina
scarcina,brigantina
brigantina,palestina
fabola,schiabbola
dara,bastonara
honta,affronta
monsieur,serviteur
crient,prient
charité,côté
côté,faites
d’asbarat,fat
gosieir,crieir
lifre,ifre
satisfait,laid
fille,gentille
ballet,sujet
famille,s’habille
sommet,met
met,lantriguet
lantriguet,net
honte,monte
capital,mal
mal,brutal
brutal,cheval
cheval,animal
principal,palais-royal
bal,mal
tramontane,dedans
pas,cas
cas,las
las,tracas
tracas,fatras
fatras,embarras
embarras,bras
vie,comédie
comédie,m’estropie
m’estropie,mie
logis,taudis
taudis,assis
assis,ébaubis
ébaubis,partis
salle,halle
halle,régale
amor,dolor
adolezco,padezco
padecer,exceder
rigor,amor
advertida,vida
muerte,fuerte
dulçura,locura
amar,amor
parecer,querer
alegria,fantasia
puoco,fuoco
piace,vivace
cantiamo,godiamo
gioventù,più
retour,séjour
séjour,l’amour
climène,chêne
amoureux,vœux
heureux,deux
deux,veux
veux,eux
goûtons-nous,doux
contester,l’emporter
miracle,d’obstacle
affaires,contraires
fatal,rival
désespérer,rassurer
fertile,difficile
misérables,incomparables
invective,captive
bas,pas
chimères,affaires
dit,s’aigrit
manière,visière
vous,l’époux
mariage,sage
choix,lois
puissance,obéissance
éclatera,régalera
rhétorique,politique
salaires,affaires
dit,l’esprit
l’encolure,nature
certain,humain
père,faire
chagrins,badins
vie,servir
servir,ravir
paraître,naître
déclarer,préparer
tête,conquête
inventions,prétentions
affaire,nécessaire
ruse,une
dire,pire
frivoles,pistoles
rêver,trouver
esclave,brave
ici,souci
attendre,vendre
vécu,d’écu
ressource,bourse
moment,sentiment
elle,sentinelle
repos,propos
vue,pourvue
étonne,personne
outragé,congé
injure,blessure
haut,faut
troubler,parler
talonne,personne
garçon,soupçon
lui-même,extrême
humilité,vanté
peut-être,connaître
l’avenir,l’entretenir
diablerie,magie
sers,fers
dévore,adore
trésor,encor
misérable,redoutable
bouche,touche
soupire,instruire
l’adversité,fierté
connaître,naître
doux,tous
magique,pique
dessein,vain
prendre,rendre
éclaire,faire
inquiéter,visiter
liberté,arrêté
croire,contradictoire
manigance,licence
fort,d’accord
flatterie,compagnie
l’entendre,surprendre
coupable,irréparable
mains,desseins
belle,criminelle
l’argent,agent
autre,nôtre
bien,sien
emploie,joie
l’accouchement,agréablement
dus,rendus
proie,voie
caresser,bercer
nérine,assassine
meure,heure
heure,cœurs
celées,dissimulées
vieux,yeux
mettable,désagréable
verras,pourras
conduise,sottise
froideur,ardeur
nouvelle,zèle
veux,vœux
elle,bagatelle
argent,présent
mode,l’accommode
tombée,dérobée
obligeant,argent
l’heure,meure
extrême,même
fait,français
français,dois
laisse,presse
danger...,...
captive,prive
deviné,raffiné
l’affaire,luminaire
peut-être,maître
faire,colère
fine,j’imagine
maître,l’être
tout,bout
l’avertir,partir
querelle,rebelle
criminel,paternel
poussée,pensée
l’appui,aujourd’hui
opprimée,confirmée
serviteur,précepteur
davantage,sage
souvent,vent
père,considère
cœur,d’honneur
répondre,confondre
maîtresse,hardiesse
prudence,assurance
rendre,surprendre
discours,cours
idolâtrée,contrée
trufaldin,matin
remettre,promettre
coûter,écarter
range,change
résolu,voulu
caprice,préjudice
funeste,reste
service,artifice
soupçonné,donné
d’attendre,léandre
m’obliger,dégager
père,contraire
prompte,monte
non,démon
ouvrage,m’outrage
fard,vieillard
célie,lélie
invention,passion
gendre,léandre
offices,caprices
hauteur,d’imposteur
commise,entreprise
rigoureusement,mouvement
cesse,confesse
injures,blessures
chose,propose
hardis,dis
épines,machines
manquerait,ferait
ingrate,flatte
toi,moi
merveille,pareille
poussé,renversé
joie,proie
rencontré,frustré
l’atteinte,crainte
crainte,retenue
trois,croix
incurable,favorable
livrer,sevrer
encore,pécore
loup-garou,cou
hôtellerie,furie
laisser,m’embarrasser
mascarille,fille
été,sûreté
tente,attente
excuserons,désirons
éclate,flatte
stratagème,extrême
contents,j’entends
apoplexie,vie
trépas,pas
artifice,édifice
campagne,l’accompagne
engage,personnage
mot,sot
voie,joie
excuse,ruse
d’approuver,arriver
parole,rôle
incartade,malade
bosse,fosse
transport,mort
hypocondre,semondre
soir,voir
assassine,mine
salutaire,père
sort,mort
affaires,guères
quartiers,papiers
l’instance,violence
monde,réponde
écueil,l’œil
forte,sorte
matin,chemin
homme,rome
humains,desseins
prières,meurtrières
prêcher,arracher
persévère,modère
humeur,serviteur
bonhomme,somme
contenter,désattrister
allégeance,assurance
d’ennui,lui
traverses,diverses
amaigrie,prie
amène,peine
véritablement,compliment
prières,guères
l’instant,content
bonté,santé
part,gaillard
folie,vie
voir,apercevoir
nouvelle,mortelle
vôtre,autre
grandir,laidir
figure,conjoncture
naïveté,crédulité
badinage,davantage
supposé,désabusé
légitime,fourbissime
remords,ressorts
supercherie,jolie
conte,honte
retirer,enterrer
l’enclouure,l’aventure
prendre,pendre
vaurien,bien
grise,sottise
rapport...,vois...
visite,quitte
quittera,nourrira
franchise,méprise
beaux,faux
façon,soupçon
pendre,reprendre
tout,oui
raccroche,poche
beau-père,manière
discret,regret
partout,bout
étonné,tourné
l’injustice,serait-ce
serait-ce,l’artifice
prêtait,doutait
égal,mal
arrive,captive
indifférence,d’imprudence
vraisemblable,véritable
louer,l’avouer
considérable,secourable
mascarille,lélie
d’effectuer,tuer
ensemble,tremble
peut,veut
récompense,impatience
projette,faite
desseins,vains
d’atteinte,crainte
rival,mal
m’assomme,d’homme
fait‐on,bâton
bagatelle,cruelle
pourrai,vengerai
confonde,monde
d’honneur,serviteur
gaules,épaules
venger,m’engager
sorte,m’emporte
transport,fort
fidèle,zèle
propice,service
contentements,châtiments
défaut,vaut
paraître,maître
volonté,apporté
d’hippolyte,l’irrite
lui,d’autrui
choisie,célie
moyens,miens
favorable,aimable
raison,maison
assurance,connaissance
souhaité,beauté
vue,rendue
conduiras,pas
nouvelle,cruelle
l’apprendre,attendre
façon,garçon
s’apprête,tête
d’or,imperator
connue,venue
voilà,là
ici,voici
due,vendue
retirer,murmurer
impatience,espérance
vains,mains
désire,lire
venir,tenir
d’avoir,espoir
d’espagne,accompagne
commencement,événement
sujet,l’objet
cries,fourberies
fourberies,adroits
l’imaginative,vive
imaginative,vive
moi-même,stratagème
cas,bas
qu’est-ce,patience
patience,diligence
trufaldin,destin
célie,ravie
moins,soins
elle,zèle
remise,prise
falot,sot
diable,capable
dextérité,concerté
mérite,petite
relevé,achevé
avoir,savoir
prose,propose
jours,rebours
débauche,gauche
panégyrique,pique
mystère,faire
exercer,forcer
comprendre,rendre
l’avoue,dénoue
sortir,divertir
violence,impatience
difficulté,subtilité
estime,sublime
d’occasions,d’inventions
chose,pause
enrager,l’obliger
claire,contraire
déchanter,arrêter
artifices,édifices
chance,assistance
poursuite,médite
ingénieux,glorieux
combattre,opiniâtre
dédit,récit
mystère,père
lieux,facétieux
trufaldin,badin
ruse,désabuse
aimable,adorable
l’acquérir,courir
destinée,l’hyménée
enfin,destin
amorces,forces
murmures-tu,vertu
s’altère,taire
charitablement,aveuglement
qu’inhumaine,peine
prude,certitude
métier,gibier
grimace,place
savoir,voir
sorte,m’importe
dessein,main
l’hameçon,bon
épine,m’assassine
visage,davantage
caresses,finesses
comprendre,entendre
profanée,abandonnée
bon,soupçon
fortunes,communes
commun,importun
elle,mortelle
lâcheté,divinité
répugnance,l’offense
part,pendard
médire,rire
non,bâton
pareilles,oreilles
dit,maudit
impostures,morsures
vertu,abattu
industrie,raillerie
soit,payerait
blâme,l’âme
confesse,d’adresse
sorte,emporte
sensé,offensé
présence,puissance
découvrir,mourir
nôtre,vôtre
conter,gâter
donne,bonne
commis,mis
violence,outrance
affaires,qu’imaginaires
non,bon
soupçonne,pardonne
désabusé,imposé
hypocrite,quitte
lecteur,serviteur
accompagne,campagne
d’innocents,médisants
allé,dissimulé
adresse,maîtresse
rapports,transports
foi,roi
attentes,tentes
chose,close
vert,expert
aventures,mesures
penser,traverser
facilement,premièrement
ensuite,conduite
pas,bras
frappée,d’épée
dégainer,donner
père,colère
nous,vous
feintes,atteintes
condition,réflexion
lumière,matière
fâché,recherché
demeure,d’heure
après,décrets
envie,poursuivie
fatigues,intrigues
lutin,enfin
être,maître
parti,averti
persuade,mascarade
voir,joie
fourré,enferré
d’heureux,amoureux
commune,fortune
prise,l’entreprise
éventé,côté
côté,poursuites
poursuites,suites
l’éclat,chat
frères,guères
travail,d’attirail
usage,partage
nés,donnés
mascarade,brigade
m’arrêter,conter
partie,bâtie
hasard,part
nouvelle,fidèle
touche,souche
aspect,porte‐respect
personne,bonne
mascarade,aubade
dieux,lieux
fenêtre,paraître
surprendre,apprendre
momon,mignon
outrage,visage
d’ici,merci
averti,travesti
masque,frasque
imaginative,prive
d’enfer,fer
allons,talons
sorte,porte
plaisir,loisir
célie,supplie
parler,régaler
inquiète,cassolette
gâté,côté
sorte,morte
revenir,tenir
puissance,reconnaissance
sottise,surprise
sire,dire
surprendrait,endroit
avance,naissance
peu,jeu
discours,jours
infâme,âme
longuement,paisiblement
vie,ravir
certaines,peines
m’ôtât,héritât
tendresse,maîtresse
vœux,deux
jour,retour
dite,construite
fois,trois
suffisance,circonstance
l’effort,fort
dure,aventure
sorti,ruberti
civile,ville
état,éclat
laissées,trépassées
ennui,lui
race,horace
instruit,conduit
horace,trace
seulement,fondement
d’arménie,turquie
trouvé,rêvé
ordinaire,corsaire
rendus,perdus
sorte,qu’importe
conter,racheter
nécessaire,père
étendues,superflues
fait,trait
chagrine,mine
l’esclavage,visage
image,passage
moment,grandement
inutile,ville
l’imaginative,craintive
trufaldin,citadin
honte,compte
approchant,couchant
donne,s’abandonne
yeux,précieux
voici,adouci
songes,mensonges
seigneur,bonheur
dispense,ressemblance
disais,parfois
fonde,monde
fois,crois
visage,image
habitude,rude
rin,turin
lumière,père
égale,salle
avoir,joie
joie,envoie
emprunté,clarté
agréable,haïssable
conduite,mérite
peut-être,repaître
repas,pas
arménie,cérémonie
fille,famille
pure,aventure
risée,exposée
capricieux,lieux
coureuse,gueuse
promise,méprise
abaissement,aveuglement
heures,meilleures
beauté,solennité
défense,jouissance
mouvements,emportements
agréables,durables
cours,jours
misères,pères
écouté,représenté
insigne,indigne
combattu,vertu
surpris,débris
grandes,réprimandes
hérétiques,authentiques
soleil,nonpareil
s’oublie,bouillie
retenue,entretenue
matière,entière
voir,seoir
elle,prunelle
servait,buvait
verre,terre
d’affecter,porter
délicate,patte
souris,gris
table,insupportable
pressants,innocents
querelle,belle
corps,efforts
boule,roule
actions,contorsions
choses,causes
fois,lois
d’horace,grâce
secret,indiscret
faire,guère
fort,sort
admirable,raisonnable
d’ardeur,grandeur
massif,préparatif
apôtre,autre
déguisé,supposé
d’excuse,ruse
main,vain
fillole,parole
affronte,conte
vérité,assisté
large,décharge
contrée,entrée
content,éclatant
traître,maître
dos,propos
jeannette,indiscrète
courroux,vous
haute,faute
déloyal,mal
folle,idole
célie,sortie
caquet,piquet
admirables,misérables
toi,l’emploi
artifice,complice
doucement,exactement
utile,bile
foi,moi
rudesse,promesse
repos,dos
trace,disgrâce
d’ici,souci
tiendrai,prendrai
égyptien,bien
hâve,esclave
zélé,parlé
espérance,balance
autorité,traité
art,départ
frivole,drôle
altérés,délibérés
paraguante,tente
profit,délit
cervelle,éternelle
balafré,coffré
lui-même,stratagème
hautement,honteusement
cautionne,personne
fuite,suite
m’oblige,prodige
persuadé,possédé
conduire,nuire
intelligence,répugnance
occasion,l’exécution
bienséance,licence
réglé,clé
d’aventures,figures
cœur,ardeur
âge,courage
moi,emploi
chose,métamorphose
changement,amant
indifférence,persévérance
séparé,auguré
peine,égyptienne
naufrage,otage
d’intérêt,plaît
tristesse,l’allégresse
n’ambitionnera,plaira
éclate,ingrate
émotion,occasion
violence,puissance
diffère,plaire
ombrage,fissage
tarchant,méchant
moment,promptement
pon,maisson
impatiente,attente
oser,disposer
demeure,l’heure
appartient,tient
j’augure,aventure
secret,discret
égyptienne,j’obtienne
doute,coûte
permettre,mettre
occasion,intention
maître,bissêtre
reconnu,bienvenu
maquerille,fille
maître,connaître
demander,appréhender
extrême,moi-même
feu,peu
ravie,suivie
déguisement,événement
l’épouvante,surprenante
beaucoup,coup
l’ouvrage,sage
parlé,égalé
redevable,condamnable
jette,dette
envie,célie
plus,superflus
détestable,incapable
malencontreux,heureux
imprudence,assistance
sottises,commises
appui,lui
persuader,s’accorder
nôtre,l’autre
secrets,intérêts
violence,évidence
devoir,d’espoir
obstacles,miracles
salutaire,faire
belles,infidèles
échapper,frapper
offertes,pertes
tous,vous
raillerie,prie
avancé,passé
aveuglement,aisément
souhaitable,capable
défendre,surprendre
surprenant,maintenant
défigurée,considérée
injurieux,furieux
flèches,sèches
sèches,d’arracher
bagace,place
cheveux,affreux
murmure,d’aventure
tempête,tête
humeur,rumeur
émue,vue
opportune,fortune
instant,tant
traits,attraits
sorcière,familière
vie,ravie
fâcheux,deux
connue,devenue
voix,fois
visage,langage
heureusement,vainement
reconnaître,être
inquiétudes,études
lieux,curieux
envie,patrie
plus,confus
peines,vaines
affaires,ordinaires
loisir,éclaircir
égyptienne,sienne
sœur,possesseur
reconnaître,maître
l’événement,consentement
enfantés,nouveautés
championnes,personnes
père,prospère
merveilleux,feux
dire,désire
soudain,dessein
pure,nature
régir,retenir
puissant,glissant
d’hyménée,destinée
pouvoir,espoir
arrive,imaginative
dois,fois
prie,célie
renvoie,joie
terminé,amené
prospères,pères
prie,bizarrerie
cacher,fâcher
premiers,papiers
l’être,paraître
plus,corrompus
s’excuser,scandaliser
scandaliser,caresses
caresses,tendresses
serments,embrassements
homme,nomme
séparant,d’indifférent
autant,l’instant
pendable,agréable
arrêt,plaît
joie,monnaie
empressements,serments
méthode,mode
contorsions,protestations
frivoles,paroles
combat,fat
caresse,tendresse
éclatant,autant
située,prostituée
chers,l’univers
complaisance,différence
rende,demande
pitié,d’amitié
rencontre,montre
sentiments,compliments
franchise,permise
honneur,cœur
bienséance,pense
émilie,jolie
ville,bile
profond,font
flatterie,fourberie
dessein,humain
sauvage,envisage
nourris,maris
fades,incartades
pas,d’appas
maladie,comédie
demande,grande
odieux,yeux
humaine,haine
exception,aversion
malfaisants,complaisants
vigoureuses,vertueuses
excès,procès
traître,être
radouci,d’ici
revêtu,vertu
maudit,contredit
bienvenue,s’insinue
disputer,l’emporter
blessures,mesures
soudains,humains
humains,peine
peine,humaine
rigueur,douceur
traitable,blâmable
extrémité,sobriété
âges,usages
perfection,obstination
sont,font
murmure,nature
offensé,intéressé
carnage,rage
voler,parler
d’impertinence,silence
dite,sollicite
l’équité,visité
douteuse,fâcheuse
plaiderie,d’effronterie
pervers,l’univers
grand-chose,cause
bon,façon
rectitude,exactitude
renfermez,aimez
semble,ensemble
davantage,s’engage
refuse,l’amuse
médisant,présent
mortelle,belle
doux,excusez-vous
veuve,treuve
donner,condamner
faire,plaire
blâmer,aimer
l’ennui,lui
dire,m’inspire
m’inspire,désirs
sincère,affaire
véritable,incroyable
mis,amis
qualité,rejeté
surprendre,prétendre
au-dessous,vous
préférable,considérable
complexions,repentirions
ouverture,figure
manières,lumières
l’expose,chose
défaut,faut
plainte,feinte
dame,flamme
pompeux,langoureux
style,facile
faire,l’affaire
morceau,beau
mises,sottises
éternelle,zèle
distraire,désespère
admirable,diable
morbleu...,peut-être...
traité,sincérité
délicate,flatte
empire,d’écrire
empressements,amusements
ouvrages,personnages
assomme,homme
qualités,côtés
redire,écrire
ressemblerais-je,disais-je
rimer,imprimer
livre,vivre
tentations,occupations
imprimeur,auteur
modèles,naturelles
vanité,vérité
peur,meilleur
admire,dire
vieux,mieux
murmure,pure
fleurie,récrie
bons,raisons
d’autres,vôtres
partage,davantage
approuviez,passiez
manière,matière
grâce,place
coeur,serviteur
s’assemble,ensemble
autrement,indubitablement
madame,âme
obséder,s’accommoder
coupable,aimable
prendre,tendre
étendue,cohue
monde,blonde
rhingrave,esclave
fausset,secret
l’ombrage,ménage
promis,d’amis
constance,m’offense
jaloux,vous
effarouchée,épanchée
offenser,ramasser
jalousie,prie
aimé,enflammé
dire,suffire
instant,autant
mignonne,personne
coeur,bonheur
possible,terrible
jamais,fais
nouvelle,querelle
ardeur,grondeur
tête,prête
affaire,plaire
pardonner,m’importuner
comment,hautement
s’introduire,nuire
d’ailleurs,brailleurs
courez-vous,sors
m’ennuyer,essuyer
impossible,loisible
pense,patience
levé,achevé
fort,d’abord
d’absence,d’extravagance
extravagants,fatigants
déplaise,chaise
toujours,discours
goutte,écoute
prochain,train
caractère,mystère
égaré,affairé
abonde,monde
l’entretien,rien
merveille,l’oreille
conteur,seigneur
cesse,princesse
entretiens,chiens
étage,d’usage
bien,entretien
expression,conversation
silence,l’assistance
insupportable,épouvantable
fois,bois
extrême,soi-même
bénéfice,injustice
mérite,visite
sage,j’enrage
habile,difficile
écrit,esprit
redire,rire
reprendre,descendre
esprit,dit
véritable,admirable
cour,tour
flatteur,serviteur
blesse,s’adresse
complaisants,médisants
nourrie,flatterie
prendre,répandre
grand,reprend
contredise,réduise
lieux,cieux
plaire,contraire
commun,quelqu’un
dire,satire
avoue,loue
raison,saison
affaires,téméraires
mourir,souffrir
âme,blâme
haut,défaut
cacher,reprocher
amants,sentiments
coeurs,douceurs
suprême,aime
blâmable,aimable
perfections,noms
comparable,adorable
liberté,majesté
chargée,négligée
yeux,cieux
couronne,bonne
humeur,pudeur
discours,tours
tours,messieurs
j’avertis,sortis
importunée,journée
couché,attaché
parler,reculer
pressées,plissées
dire,instruire
commandement,promptement
faire,affaire
bravés,approuvés
naissance,complaisance
condamnera-t-elle,querelle
exécrables,traitables
vienne,peine
satisfaite,t’inquiète
yeux,joyeux
m’examine,chagrine
affaire,manière
idolâtre,théâtre
fracas,has
mine,fine
flatter,disputer
faciles,inutiles
d’humeur,froideur
vulgaires,sévères
rigueurs,pleurs
suite,mérite
mérite,faits
belles,elles
mien,rien
balances,avances
extrême,toi-même
voeux,aveux
donné,fortuné
grande,pende
voeux,deux
certaine,célimène
prétendu,assidu
langage,m’engage
pas,là-bas
l’entretenir,venir
d’envie,suivie
tous,courroux
prude,solitude
dame,d’âme
cache,détache
gré,degré
devoir,voir
éclater,importer
importance,bienséance
singulière,matière
visite,excite
fallu,voulu
prendre,défendre
intention,caution
d’accord,tort
déportements,jugements
blessée,pensée
foi,soi
raisonnable,profitable
faveur,honneur
amie,publie
bien,l’entretien
zèle,modèle
extérieur,d’honneur
d’indécence,l’innocence
censures,pures
franchement,sentiment
modeste,reste
zèle,belle
nudités,réalités
défense,médisance
mien,bien
exemplaire,faire
besoin,soin
assujettie,repartie
d’aigreur,cœur
sage,usage
entendre,reprendre
galanterie,pruderie
parti,amorti
disgrâces,traces
avantage,âge
avoir,prévaloir
s’emporte,sorte
pourquoi,moi
m’ôte,faute
peine,vaine
juger,engager
roule,foule
amour,cour
défaites,faites
sentiments,d’amants
conséquences,avances
appas,bas
voir,avoir
entretien,mien
prendre,d’attendre
arrêter,hâter
cérémonie,compagnie
compagnie,venir
venir,entretenir
lettre,remettre
bonté,incivilité
entretienne,vienne
sublime,l’estime
propice,justice
prétendre,rendre
soi,moi
propices,services
pouvoir,voir
endroits,poids
doué,loué
jette,gazette
mieux,yeux
mines,machines
fisse,bannisse
nécessaires,affaires
talent,parlant
pense,résidence
appui,aujourd’hui
avantages,personnages
cruels,tels
telle,cervelle
pensées,placées
prie,amie
mouvement,amant
passée,pensée
désabusé,aisé
expose,chose
fidèle,belle
brûler,consoler
dure,conclure
tourner,l’entraîner
pense,prudence
dire,écrire
travers,vers
matières,manières
coeur,auteur
dépense,danse
serviteur,bonheur
l’accommodement,sentiment
style,difficile
coeur,meilleur
conclure,procédure
singulier,particulier
pique,d’héroïque
m’étonne,s’abandonne
former,d’aimer
cousine,l’incline
coeurs,d’humeurs
sympathies,démenties
l’aime,lui-même
cousine,s’imagine
vérité,côté
tendresse,s’intéresse
tenir,l’unir
feux,voeux
occurrence,répugnance
éclatante,présente
dérober,retomber
hautement,moment
offense,constance
émouvoir,concevoir
nature,aventure
parler,rappeler
grâces,basses
ruiné,assassiné
nouvelle,infidèle
fondement,légèrement
certain,main
oronte,honte
l’apparence,pense
plaît,intérêt
aujourd’hui,ennui
parente,constante
l’infidèle,d’elle
voeux,respectueux
service,sacrifice
souffrez,m’offrez
pense,vengeance
puissante,innocente
aisément,amant
approche,reproche
capable,comparable
j’admire,rire
raison,trahison
feindre,craindre
vengé,outragé
puissance,dépendance
coeur,vainqueur
abord,sort
applaudie,perfidie
châtiments,ressentiments
outrage,rage
emportement,jugement
vue,tue
sincérité,enchanté
plaindre,feindre
prêts,traits
l’esprit,écrit
confuse,accuse
extravagant,convaincant
effet,billet
coupable,admirable
grossières,lumières
air,clair
femme,flamme
empire,dire
souci,voici
occurrence,d’importance
croie,joie
arrête,tête
inventé,traité
elle,querelle
lâche,l’attache
mépris,épris
prodigieux,yeux
m’accable,coupable
innocent,consent
fidèle,telle
contraindre,feindre
côté,sincérité
assurance,défense
feux,aveux
obstacle,oracle
colère,considère
simplicité,bonté
estime,légitime
destinée,abandonnée
coeur,noirceur
aimable,misérable
sacrifice,l’injustice
figuré,effaré
langage,bagage
assurément,autrement
mine,cuisine
façon,démon
doute,goutte
démêler,parler
ensuite,visite
empressement,doucement
zèle,s’appelle
dit,suffit
spécifier,papier
pense,connaissance
ceci,éclairci
diable,table
pas,embarras
prenne,entretienne
raisonner,détourner
sommes,hommes
cause,repose
succès,procès
histoire,noire
l’artifice,justice
forfait,fait
abominable,condamnable
rigueur,l’auteur
murmure,l’imposture
rang,franc
empressée,pensée
honnêteté,vérité
imaginaire,adversaire
pardon,bon
vertueux,eux
forge,coupe-gorge
êtes,faites
faites,imputer
imputer,arrêter
détruire,nuire
l’éclat,scélérat
aventure,posture
donné,tourné
craindre,plaindre
fasse,casse
maltraité,postérité
témoignage,âge
coûter,pester
superflus,là-dessus
d’équité,société
dociles,inutiles
ennui,d’autrui
retire,empire
célimène,m’amène
venue,émue
enfin,chagrin
attendre,descendre
assurance,balance
émouvoir,voir
demande,prétende
irrite,mérite
éclaircissements,sentiments
l’autre,vôtre
choisir,désir
m’amène,certaine
longueur,coeur
importune,fortune
préférable...,capable...
désormais,jamais
peine,incertaine
préférence,balance
lumière,visière
témoins,soins
exiger,ménager
étude,d’incertitude
là-dessus,refus
silence,pense
caprice,justice
retient,vient
persécutée,concertée
chaleur,cœur
adressée,pensée
balance,silence
déplaire,affaire
vue,venue
estime,crime
forts,discords
compagnie,calomnie
adouci,ceci
clitandre,tendre
d’obscurité,civilité
instruire,lire
modèle,s’appelle
lieux,glorieux
matière,colère
déchire,m’écrire
d’amour,tour
l’être,connaître
rendez,perdez
flamme,madame
noir,émouvoir
bonheur,d’honneur
querelle,zèle
songer,venger
vanité,flatté
marchandise,éprise
plaindrez,voudrez
confuse,excuse
raisonnable,coupable
traîtresse,tendresse
tendresse,faiblesse
nomme,l’homme
forfaits,traits
faiblesse,jeunesse
mains,humains
esprits,écrits
abhorre,encore
vieillir,m’ensevelir
déteste,reste
outrage,dégage
beauté,sincérité
divers,fers
pensée,embarrassée
m’inquiéter,accepter
contentements,sentiments
d’injustices,vices
écarté,liberté
naissance,préférence
vainqueur,cœur
inspire,d’empire
douter,traiter
poursuite,réduite
reprochait,penchait
d’injustice,sacrifice
castille,fille
lien,mien
place,disgrâce
avantage,d’outrage
s’engage,l’hommage
confus,refus
tyrannisé,autorisé
hommages,suffrages
courroux,nous
jalousie,frénésie
informé,aimé
interprètes,secrètes
rougeur,cœur
puissant,ressent
vainement,aisément
étude,l’habitude
forcer,penser
belles,naturelles
l’émouvoir,apercevoir
amant,fondement
atteinte,plainte
d’alarmes,charmes
charmes,exprimer
exprimer,l’aimer
odieux,injurieux
naissance,offense
moments,amants
noie,joie
remarquer,expliquer
offensée,pensée
courage,témoignage
destinée,hyménée
éclater,s’acquitter
frère,faire
sang,rang
vaillance,reconnaissance
courroux,jaloux
prescrire,elvire
lettre,commettre
amant,attachement
livre,suivre
jeté,diversité
doux,jaloux
inquiétude,rude
m’apprendre,l’attendre
élevé,arrivé
prudence,enfance
l’état,mauregat
sûreté,équité
trames,âmes
renommée,armée
punisseur,ravisseur
espoir,devoir
souci,endurci
m’intéresser,d’annoncer
crimes,légitimes
l’infidélité,dignité
chère,frère
personne,couronne
hommage,l’avantage
d’espoir,voir
droits,exploits
espère,frère
feux,eux
entendre,méprendre
savoir,espoir
ombrage,l’outrage
affreux,feux
caprice,office
croyance,absence
déplaire,soustraire
loi,moi
espoir,choir
m’accable,adorable
grande,l’entende
l’importunité,clarté
vœux,aveux
volontaire,faire
langage,davantage
vous-même,aime
assurer,jurer
téméraire,satisfaire
clarté,bonté
sollicite,mérite
prescrire,empire
croyable,inviolable
divinité,facilité
guerre,tonnerre
faiblesse,promesse
jette,l’inquiète
tempérament,serment
altéré,égaré
nécessaire,d’ordinaire
refuse,m’accuse
satisfaites-vous,jaloux
témoignage,d’ombrage
résistance,violence
pressé,tracé
soumise,lise
violence,l’alliance
empire,inspire
affermie,amie
armer,alarmer
lumière,manière
moments,sentiments
croire,mémoire
grand,prétend
franchement,étonnement
saisie,jalousie
d’entendre,prendre
éprise,surprise
glose,propose
sienne,l’entretienne
suite,conduite
nuit,fruit
faveur,cœur
faire,déplaire
d’eux,fâcheux
confidence,complaisance
succéder,appréhender
surprendre,descendre
équitablement,aveuglement
rapportés,assiduités
sache,cache
n’avance,complaisance
leçons,soupçons
étude,inquiétude
raison,poison
présence,préférence
navarre,déclare
attend,prétend
ressentiment,tremblement
caprice,précipice
guide,solide
permettre,lettre
pitié,moitié
l’une,infortune
rival...,vous...
vous...,à...
à...,grand...
grand...,ce...
ce...,de...
de...,devoirs...
devoirs...,avec...
avec...,ce...
ce...,lon...
lon...,oblige...
oblige...,à...
doucement,ressentiment
dindice,artifice
projets,sujets
parer,murmurer
courage,rage
dire,d’écrire
fantaisie,jalousie
pensez,assez
presse,comtesse
burgos,repos
d’assurer,parjurer
parjure,imposture
mouvement,jugement
soustraits,traits
accoutumée,opprimée
pure,écriture
garant,indifférent
évidente,parente
formé,aimé
loi,soi
supplice,caprice
nullement,moment
lumière,entière
intérêt,arrêt
linstruise,surprise
tracé,laissé
coupable,table
moment,appartement
contestée,restée
essor,léonor
madame,blâme
lire,s’interdire
ravisseurs,douceurs
eux,heureux
injustice,supplice
souhaité,présenté
dédire,lire
fuyez-vous,jaloux
misérable,coupable
puissant,innocent
atteinte,crainte
aimé,alarmé
foudre,poudre
événement,amant
déclarés,assurés
gage,témoignage
espérer,s’assurer
fragile,facile
bontés,témérités
puissance,complaisance
feinte,crainte
mains,dédains
d’empire,dire
s’abaisser,forcer
insigne,digne
pouvoir,d’avoir
apaisé,excusé
cause,expose
déplaire,colère
longueur,cœur
cruelles,mortelles
déclarer,espérer
favorable,misérable
perplexités,bontés
légitime,crime
aversion,affection
bontés,d’indignités
aime,lui-même
offense,vengeance
l’effort,mort
d’absoudre,résoudre
informer,s’alarmer
d’alarme,charme
présenter,écouter
rien,d’entretien
famille,castille
roi,l’effroi
état,mauregat
pouvoir,savoir
déplaire,taire
absolument,commandement
embrasser,penser
faiblesse,princesse
promptement,ressentiment
courage,outrage
chérir,souffrir
irrite,vite
genoux,courroux
l’offense,naissance
causé,apaisé
menace,grâce
colère,espère
sentiment,serment
inspire,dédire
combat,attentat
n’immole,parole
d’obtenir,l’avenir
prépare,navarre
raison,guérison
persécute,rechute
rigoureux,aveux
défiance,offense
charmé,aimé
quoi,moi
ville,difficile
cieux,odieux
aventure,torture
d’injustice,service
liens,siens
capable,redevable
dernière,frère
obstinée,destinée
m’expose,chose
plaindre,contraindre
martyre,pire
atterré,préféré
appas,bras
salutaire,plaire
merveilleux,vœux
fumée,armée
précipité,flatté
m’impute,chute
regarder,demander
ignorer,déclarer
l’équité,infidélité
refus,vertus
l’estime,magnanime
dois,choix
tendresse,comtesse
extrême,diadème
mérite,quitte
sent,innocent
peine,l’entraîne
attraits,souhaits
abattue,tue
malheureux,vœux
idée,possédée
appas,trépas
beauté,liberté
qu’elle,infidèle
consoler,s’égaler
avoir,pouvoir
die,compagnie
visite,instruite
l’honneur,bonheur
fort,tort
pensées,abaissées
élevée,levée
sentiments,déguisements
héroïques,pratiques
conduite,visite
clarté,l’obscurité
entreprise,surprise
garantir,avertir
bouillons,parlons
mieux,lieux
peu,désaveu
héroïque,s’explique
crédit,dit
contrainte,l’atteinte
prétendre,prendre
décevoir,pouvoir
aimé,estimé
m’intéresse,princesse
puissance,récompense
frivole,parole
étalés,attaquée
attaquée,expliquée
soupçonner,donner
plaire,nécessaire
transports,efforts
furie,prie
occasion,confusion
égal,rival
étouffées,trophées
échappé,trompé
valeur,malheur
posée,aisée
secrète,retraite
esprit,prescrit
sortez,remportez
l’espérance,offense
guérir,l’aigrir
défère,colère
pense,offense
considériez,l’excuseriez
passions,réflexions
intelligence,présence
séduit,bruit
revenue,connue
innocence,assurance
peser,s’abuser
déplaisir,saisir
agité,mérité
dire,respire
d’ici,éclairci
confidence,audience
promptement,seulement
sollicite,visite
l’ordonner,l’amener
forte,m’apporte
s’avance,impatience
éclairé,auguré
destinée,donnée
redoutable,véritable
poursuite,fuite
allégresse,princesse
soin,témoin
renvoie,s’emploie
infortuné,abandonné
princesse,presse
tempérament,diversement
m’efforcer,blesser
méthode,s’accommode
ajustements,sentiments
assemble,ressemble
inhumains,desseins
séduit,introduit
l’atteinte,plainte
quitté,infidélité
promptitude,ingratitude
voie,m’octroie
aller,parler
présence,offense
fidèles,mortelles
mortelles,m’accabler
m’accabler,troubler
menace,disgrâce
dire,elvire
gloire,noire
souvent,décevant
occasion,passion
farouche,touche
grâce,audace
outrage,langage
entrouverte,perte
revenu,inconnu
suffisantes,cuisantes
écouté,liberté
audience,patience
aigreur,fureur
l’oreille,pareille
cieux,prodigieux
inconcevable,supportable
rebuter,persécuter
m’exprime,d’estime
l’innocence,apparence
garant,grand
même,aime
respect,suspect
pure,injure
souffrir,d’offrir
d’attention,résolution
délibérer,tirer
déférence,innocence
d’estime,crime
destinée,née
soudain,main
nous,jaloux
l’assurance,naissance
témoignage,outrage
vous-même,suprême
satisfaire,plaire
inventé,déloyauté
étudie,perfidie
amusement,ressentiment
détourner,condamner
fureur,l’horreur
avertir,repentir
l’avantage,rage
irrité,bonté
forcer,m’offenser
satisfait,trait
colère,persévère
consulter,douter
inventée,persécutée
consente,attente
témérité,liberté
prompte,honte
absolu,voulu
mémoire,gloire
serments,châtiments
poudre,résoudre
lieux,furieux
envenimée,animée
violence,offense
erreur,horreur
peine,haine
vœux,fâcheux
fâcheux,seigneur
nécessaire,distraire
précipitant,éclatant
vengée,outragée
attentat,mauregat
audace,menace
conséquence,offense
devoir,désespoir
mauregat,l’éclat
courage,l’avantage
prévenir,obtenir
traître,paraître
douceur,sœur
croyance,récompense
semées,confirmées
prospère,frère
voir,recevoir
jugé,outragé
vante,contente
changement,ressentiment
l’éteindre,plaindre
outragée,engagée
exécuté,sévérité
m’adresse,tendresse
pitoyable,misérable
mériter,prêter
redire,inspire
pâleur,douleur
jette,faite
moments,serments
destinées,enchaînées
moi,roi
violence,naissance
grands,prends
l’étonne,donne
transport,sort
éclatants,j’attends
rare,prépare
choir,devoir
endurer,murmurer
disgrâce,l’audace
odieux,glorieux
prétendre,attendre
désirs,déplaisirs
volé,immolé
résistance,puissance
conserver,braver
vainqueur,rigueur
l’expose,cause
cœur,douleur
sensible,horrible
visage,volage
inconstance,différence
m’excite,mérite
silence,l’intelligence
volage,l’hommage
instamment,moment
oreilles,merveilles
conséquence,reconnaissance
immortel,paternel
hommages,avantages
glorieux,impérieux
m’anime,légitime
m’exposer,tyranniser
occurrence,vaillance
soi-même,aime
généreux,heureux
zélé,immolé
épargné,gagné
savoir,devoir
héroïque,publique
sujet,projet
utile,ville
bras,trépas
conduire,instruire
appris,surpris
conservé,élevé
sincère,père
clartés,vérités
vérités,pensée
pensée,traversée
événement,l’amant
détaché,touché
souveraine,chaîne
ignès,l’excès
misérable,véritable
m’attend,content
d’attendre,apprendre
fidèles,nouvelles
perplexités,beautés
blesse,princesse
causé,excusé
coupable,capable
vain,dédain
l’aventure,pure
croyance,violence
disposer,opposer
gayeté,fermeté
tirer,demeurer
tout-puissant,obéissant
treuve,épreuve
occasions,émotions
atteinte,contrainte
prétendre,descendre
consumée,renommée
courir,mourir
parlé,dévoilé
martyre,désire
détourné,fortuné
favorable,coupable
odieuse,heureuse
raison,pardon
présente,attente
mouvement,sentiment
détachée,touchée
indulgence,l’influence
m’octroie,joie
débats,états
appelle,zèle
mercure,posture
m’engage,nuage
pas,las
qualité,indignité
roulante,nonchalante
fatal,mal
cieux,dieux
guise,sottise
s’agit,dit
obscure,aventure
jours,amours
grandeur,ardeur
venir,fournir
badinage,l’engage
censeurs,douceurs
qu’ailleurs,ardeurs
amoureuse,délicieuse
m’apprête,honnête
moi,l’emploi
affaires,ouverts
ouverts,guères
mercure,figure
tour,amour
puissant,caressant
s’évade,l’ambassade
mène,alcmène
courage,l’engage
mort,port
semble,ressemble
causeur,douceur
s’applique,musique
parler,valet
d’importance,connaissance
prix,effronterie
effronterie,prie
prie,cris
cris,meurtris
meurtris,crie
fanfaronnerie,poltronnerie
insolence,silence
claire,affaire
injures,voudras
voudras,blessures
l’apparence,puissance
berger,étranger
action,question
maître,repartie
voix,sois
d’accord,mort
publique,unique
j’aime,extrême
vous,époux
époux,doux
amant,franchement
cœurs,faveurs
délicatesse,blesse
langage,sage
dieux,précieux
chéri,mari
voiles,étoiles
brutale,régale
fariboles,paroles
grâce,face
charme,vacarme
répugnance,licence
méthode,commode
résolution,occasion
suffire,désire
bâton,ton
usité,vérité
sincère,faire
ensuite,peine
alcmène,pleine
ivrognerie,d’esprit
d’esprit,plaisanterie
ressemblantes,pesantes
cerveau,l’eau
mystères,chimères
vie,sosie
dieux,vainqueur
cœur,d’ardeur
demeuré,désiré
vérité,traité
acquitté,malignité
étrange,change
amphitryon,question
mène,certaine
sérieusement,l’amusement
véhémence,violence
l’absence,impatience
passionné,assassiné
tous,jaloux
portés,faussetés
déférence,constance
hyménée,enchaînée
demander,hasarder
fin,vin
mémoire,manière
port,rapport
veille,pareille
t’aviser,baiser
réparé,séparé
outrage,sage
abstenir,provenir
fades,malades
caniculaires,sévères
fatal,conjugal
accrochées,empêchées
alcmène,peine
serré,séparé
incroyable,m’accable
cieux,d’odieux
ordonné,passionné
inflexible,invincible
rigueur,l’honneur
être,connaître
coupable,équitable
victime,anime
odieux,prodigieux
yeux,dieux
m’accable,favorable
charmée,l’armée
place,ménage
blesse,allégresse
effets,faits
victoire,croire
mystère,chimère
équitable,véritable
m’inquiète,planète
entendre,t’apprendre
considéré,effaré
contusion,confusion
maître,méconnaître
rajustés,privautés
faite,satisfaite
rendre,m’attendre
semblable,véritable
nécessaire,colère
scélérat,combat
défense,vengeance
résolutions,amphitryons
méconnaître,paraître
deux,hasardeux
l’imposture,l’aventure
être,naître
d’importance,circonstance
m’engage,assemblage
agréable,table
l’irrésolution,amphitryon
d’attendre,rendre
impose,chose
demain,train
vaillantises,prises
supplie,sosie
licence,défense
partage,l’avantage
unique,tyrannique
défends,j’entends
l’adversaire,faire
lieu,dieu
courtoisie,sosie
éclater,jupiter
brûle,d’hercule
douter,jupiter
sentiment,nullement
embarquement,compliment
dire,guerre
sage,âge
cesse,presse
sagesse,jeunesse
charme,désarme
chaîne,prenne
autels,immortels
constamment,jugement
prévenus,vénus
nous,tous
intérêts,traits
raisonnements,moments
cruelle,delle
franchement,jugement
ordinaire,affaire
former,aimer
cœurs,rigueurs
conservée,fiertés
fiertés,cruautés
cruautés,éprouvée
venir,soutenir
avances,bienséances
matière,première
ajustement,nullement
informer,enfermer
moitié,amitié
l’âme,madame
supplices,offices
concurrence,balance
deux,amoureux
fière,manière
sacrifice,injustice
d’outrage,partage
défendre,attendre
demande,j’attende
d’effroi,moi
menée,abandonnée
sœur,cœur
selve,belve
dolore,martire
beltà,crudeltà
innocente,inclemente
fiero,severo
rigor,cor
inaudita,vita
sforza,forza
nature,d’injure
d’injure,faveurs
douleurs,pleurs
elle-même,diadème
adversité,d’insensibilité
occasions,révolutions
frivole,console
raisonnement,accablement
contente,assassinante
habitude,d’étude
sagesse,tendresse
tendresse,l’allégresse
pleurer,réparer
suis,ennuis
lieu,adieu
condamnée,empoisonnée
secourir,mourir
déplaisirs,soupirs
lentendre,attendre
issue,déçue
sincère,espère
d’âmes,flammes
insensibilité,sévérité
cœurs,meurs
étendards,dards
servie,vie
empoisonne,étonne
d’exemples,temples
meurs,rigueurs
matières,dernières
rebelles,fidèles
chercher,rocher
suivre,survivre
larmes,armes
charmant,l’empressement
enchanté,liberté
lois,vois
heureux,voeux
enfance,patience
mère,colère
immortelles,belles
cieux,glorieux
mystère,barbare
pare,rare
appartements,ameublements
frayeurs,fleurs
serpent,suspend
malheurs,meurs
t’emparer,murmurer
soupirer,d’expirer
empire,respire
complaisance,reconnaissance
dangereux,eux
l’injure,usure
châtiment,doucement
punie,vie
bas,d’appas
présence,violence
offense,bienséance
repartir,soupir
doute,route
attendu,entendu
menacés,débarrassés
empressés,adressés
province,prince
suis,puis
séjour,amour
servie,envie
d’autres,séparer
père,imaginaire
accablée,comblée
zéphire,empire
sœurs,douceurs
zéphire,dédire
largesses,caressses
caressses,tendresses
jamais,palais
zéphyrs,soupirs
princesse,d’allégresse
d’allégresse,jeunesse
surprendre,entendre
tendre,rendre
défendre,d’attendre
pleurs,douceurs
espère,mystère
mystère,guère
charmant,amant
concevoir,voir
équipage,étalage
traite,indiscrète
reines,souveraines
exactitude,étude
exécute,rebute
charmer,s’entr’aimer
autels,mortels
révoltés,volontés
témoins,moins
désespère,plaire
porter,d’éviter
empressements,amants
suprême,diadème
est,intérêt
défense,violence
infortunée...,l’hyménée...
nature,d’imposture
richesses,tendresses
suivie,envie
désirs,plaisirs
seigneur,malheur
m’irrite,mérite
commandements,serments
assurance,l’abondance
suprême,j’aime
aveuglement,amant
dire,maître
dédire,empire
choix,rois
rois,voulez-vous
conjure,aventure
taire,satisfaire
suprême,même
courroux,époux
aimiez,charmiez
êtes,quitter
quitter,ôter
plus,disparus
infortuné,condamné
alarmé,allumé
honneurs,suborneurs
désertés,beautés
reporter,présenter
refuser,désabuser
erreur,l’horreur
extravagante,seconde
lui,qu’aujourd’hui
expérience,confiance
tantales,d’intervalles
assouvie,asservie
ressentiments,moments
joie,déploie
moment,amant
crime,ranime
ombres,sombres
fière,entière
courroux,d’époux
dévorée,préparée
vue,disparue
emportés,précipités
oracle,miracle
endurer,adorer
soupire,empire
attire,inspire
justice,malice
supplice,l’artifice
entretenir,souvenir
encore,m’adore
désespérée,décolorée
prévaloir,prévoir
divine,proserpine
amant,tourment
ouverte,perte
malheurs,pleurs
criminel,éternel
cruauté,beauté
amants,ravissements
cœurs,liqueurs
m’arracher,cher
retenir,souvenir
soutien,rien
désolés,violés
violés,ravalés
d’ignominie,punie
volés,charmée
éternels,cruels
suborné,tourné
défiance,vengeance
genoux,doux
mourante,suppliante
charmes,larmes
mort,fort
lasse,passe
flambeau,tombeau
mortelles,elles
rebelles,cruelles
prêtes,conquêtes
confusion,d’union
jamais,paix
charmant,tourment
belle,nouvelle
séjour,tour
sévères,d’affaires
peines,chaînes
quelquefois,lois
s’oublie,folie
amours,secours
faire,nécessaire
mode,incommode
amusements,charmants
charmants,amants
tambours,toujours
toujours,amours
né,assassiné
envie,comédie
misérablement,châtiment
l’affaire,colère
d’écouter,vanter
silence,d’extravagance
brusquement,promptement
l’assemblée,troublée
troublée,redressés
redressés,sensés
extrêmes,nous-mêmes
fous,nous
épaules,rôles
fracas,pas
aise,chaise
spectateurs,acteurs
posé,avisé
monté,éventé
essuyer,tutoyer
l’arrêter,d’écouter
damne,âne
parfait,fait
sommaire,faire
cœur,l’acteur
chance,d’avance
galamment,dénouement
justice,supplice
marché,attaché
tête,honnête
ébranlé,écoulé
sèche,calèche
pair,air
amis,promis
compliment,seulement
recourir,mourir
manière,derrière
arrêté,ajusté
l’embrassade,incartade
précipités,civilités
obstiné,donné
fâcheux,heureux
encore,j’adore
promise,orphise
crimes,aimé
rare,sépare
singulière,poussière
fourré,emparé
terre,serre
déplaire,nécessaire
vient,tient
veux,fâcheux
abattu,penses‐tu
taire,nécessaire
voie,m’envoie
avis,suivis
doux,rendez-vous
propices,supplices
reconnu,venu
chante,courante
passable,considérable
suis,produis
assurément,d’agrément
fins,baladins
surprenne,apprenne
nouvelles,belles
cher,chercher
sympathies,parties
couvrir,souffrir
complaisances,impertinences
côté,agité
inhumaine,haine
aspect,respect
d’allégresse,blesse
plaire,défaire
officieux,lieux
langage,enrage
amant,monument
prière,visière
reculer,appeler
capitan,courtisan
lâcheté,imputé
posture,peinture
l’état,potentat
allée,écartés
écartés,côtés
passé,chassé
prodiguent,fatiguent
étonné,retourné
divertie,partie
saint-bouvain,main
m’accable,diable
public,pic
refaire,faire
malheur,cœur
politique,pique
encor,major
extrême,sixième
roi,d’effroi
uniques,piques
capot,mot
effroyable,croyable
sort,tort
transporte,porte
t’agite,quitte
tonnerre,terre
sommes-nous,fous
impatience,diligence
d’haleine,peine
promptement,charmant
digressions,passions
vœux,cheveux
provinciales,animales
choisir,loisir
opinion,obstination
appelle,querelle
chansons,connaissons
titre...,grâce...
témoignage,désavantage
dernier,premier
suffrage,davantage
climène,haine
anime,crime
aveuglement,éclaircissement
l’apparence,présence
d’enjouement,fondement
amants,emportements
paisibles,infaillibles
intelligence,persévérance
genoux,nous
d’emportement,contentement
quatre,battre
souffrante,trente
déclarer,préférer
défaire,satisfaire
aigrir,souffrir
prie,compagnie
résistance,innocence
chasse,fasse
assortie,partie
suprême,moi-même
j’arrête,tête
relais,frais
rapière,poulinière
jument,compliment
personne,sonne
galeux,merveilleux
prisées,brisées
plaine,haleine
beau,gaveau
matière,considère
nette,droite
court-jointé,vivacité
dire,réduire
semblant,tremblant
crois-moi,roi
pleine,plaine
joyeux,mieux
penser,balancer
ravie,crie
faut,tayaut
l’œil,deuil
différences,connaissances
enrage,personnage
bas,bras
m’assomme,homme
vanté,apporté
tête,bête
d’usage,rage
courant,ignorant
part,campagnard
sévères,colères
désaveu,feu
faveurs,douceurs
près,qu’après
méthode,incommode
facile,ville
m’honore,encore
introduit,bruit
débite,mérite
mérite,instruits
latine,mine
ès,caritidès
dire,lire
emploi,roi
vous-même,extrême
bontés,présentés
nasardes,gardes
endurer,retirer
certaine,mécène
retraite,faite
renom,surnom
d’acrostiche,hémistiche
sain,main
tuileries,rêveries
rêveries,l’entretien
pierre,terre
voilà,fous-là
vaines,pleines
prétentions,millions
monte,compte
inconcevable,faisable
silence,d’importance
l’apprendre,entendre
dire,tire
avisé,aisé
côtes,hautes
dissimuler,appeler
campagne,t’accompagne
enrager,dégager
service,office
aurez,quitterez
l’obtenir,prévenir
d’orphise,autorise
dessein,sein
venger,d’outrager
l’appelle,criminelle
l’immoler,parler
presse,maîtresse
service,justice
générosité,animosité
caprice,injustice
fameux,vœux
j’évite,m’acquitte
merveille,veille
jouir,réjouir
masques,basques
peine,certaine
satisfaire,déplaire
feux,deux
tendrement,traitement
inflexible,sensible
taire,mystère
inimitable,admirable
voie,monnaie
ressemble,ensemble
couleurs,cœurs
langage,ouvrage
rendre,méprendre
illusion,impression
ouvrage,l’image
puissante,violente
enflammer,charmer
heureuse,amoureuse
affermies,amies
usage,avantage
nicandre,attendre
pressez,pensez
d’état,éclat
d’importance,impatience
arrière,manière
ferez,désirez
nicandre,d’entendre
décharger,enrager
d’affaire,m’entendre
tête,fête
remarque,monarque
quoi,roi
parts,regards
plaisantes,reluisantes
miel,ciel
chérie,gueuserie
impertinents,saines
saines,pleines
aspirent,soupirent
langueurs,cœurs
alliance,préférence
feu,aveu
permise,l’autorise
puissance,espérance
d’humanité,fierté
voulons,parlons
âge,mariage
quelquefois,mois
fantaisie,philosophie
profond,confond
qu’enfance,d’innocence
offerte,mélicerte
abus,plus
avance,pense
ajusté,qualité
s’exécute,dispute
chose,dispose
fraîchement,attachement
bête,arrête
main,sein
beau,moineau
joyaux,moineaux
prétendent,demandent
une,fortune
écloses,choses
meilleur,cœur
suffrages,avantages
surprend,grand
m’oppose,chose
attente,contente
beautés,qualités
effroyable,raisonnable
engage,avantage
continue,venue
supérieurs,cœurs
d’autres,nôtres
inégal,mal
l’aime,extrême
l’offense,différence
enchaîné,donné
imaginable,capable
saisir,plaisir
d’entendre,tendre
transports,corps
stelle,nouvelle
orné,daphné
vérité,conté
implacable,considérable
préférer,désespérer
pense,indifférence
d’aimer,informer
destinée,pénée
cœurs,douceurs
agréables,effroyables
souvenue,vue
complaisance,bienveillance
réduit,dit
divinités,volontés
richesse,tristesse
chagrin,matin
silence,impatience
meurs,pleurs
entendre,apprendre
faiblesse,tristesse
rivales,égales
espérer,préférer
belles,qu’elles
chère,bergère
cœur,douceur
secours,toujours
abandonne,donne
ravissement,serment
manière,bergère
bassesse,blesse
m’engage,l’outrage
promptement,emportement
l’enflamme,âme
aimer,alarmer
créance,présence
résoudrez,voudrez
retraite,souhaite
réjouissez,pensez
puissance,persévérance
conjoncture,nature
redevable,insupportable
âge,m’engage
mourir,d’obéir
été,bonté
avancée,pensée
désobéir,revenir
nature,ouverture
porter,contenter
affreux,vœux
amants...,tourments...
volontés,félicités
miracle,obstacle
beauté,transporté
marie,prie
mystérieux,lieux
nicandre,apprendre
apprendre,délivre
délivre,suivre
loin,besoin
s’acquitte,vite
ménage-ci,souci
édifiée,contrariée
haut,pétaut
suivante,impertinente
grand-mère,père
garnement,tourment
discrète,doucette
dort,fort
déplaise,mauvaise
seulement,d’ajustement
frère,révère
époux,nous
humeur,cœur
critique,tyrannique
divertir,consentir
maximes,crimes
zélé,contrôlé
conduire,induire
plat,éclat
scandalise,s’impatronise
souliers,deniers
mieux,pieux
fantaisie,qu’hypocrisie
laurent,garant
dites,visites
visites,hantez
assemblage,voisinage
faire,taire
rempart,égard
innocence,licence
promptement,attachement
couleurs,leurs
ressemblance,l’innocence
partagés,chargés
l’affaire,exemplaire
gens,céans
ardent,défendant
baisser,renoncer
sagesse,faiblesse
inquiétude,prude
vie,d’envie
désirs,plaire
plaire,taire
sage,personnage
envoyé,fourvoyé
conversations,inventions
part,quart
troublées,assemblées
babylone,l’aune
rire,dire
moitié,pied
corneilles,oreilles
aller,quereller
dommage,langage
échauffée,coiffée
sage,courage
hébété,entêté
âme,femme
confident,prudent
assis,six
cède,aide
héros,propos
miracles,oracles
jouir,l’éblouir
garçon,leçon
farouches,mouches
effroyable,diable
venu,tenu
d’amusement,seulement
valère,chère
bonjour,retour
fleurie,prie
soir,concevoir
merveille,vermeille
entière,paupière
sommeiller,veiller
soudain,lendemain
gagnée,saignée
avance,convalescence
parlez,voulez
fin,enfin
profonde,monde
entière,prière
élancements,moments
vite,bénite
l’imitait,était
modestie,partie
reprendre,répandre
retirer,prospérer
zèle,bagatelle
scandaliser,accuser
prière,colère
entiché,prêché
eux,yeux
simagrées,sacrées
peur,cœur
esclaves,braves
conduit,bruit
trace,grimace
distinction,dévotion
sincérité,vérité
petites,limites
souvent,avant
beau-frère,révère
retiré,éclairé
révéré,retiré
science,différence
odieux,spécieux
gré,sacré
soumise,marchandise
dignités,affectés
vices,d’artifices
insolemment,ressentiment
colère,révère
périandre,clitandre
débattu,vertu
insupportable,traitable
actions,corrections
autres,nôtres
d’appui,d’autrui
d’acharnement,seulement
user,proposer
frère,valère
vous,oui
oui,doux
plaira,nécessaire
cherchez-vous,vois
chère,père
mériter,contenter
haute,hôte
répondrez,voudrez
fille,brille
jure,imposture
vérité,arrêté
nouvelle,bagatelle
bagatelle,incroyable
croire,histoire
sage,visage
mamie,supplie
complot,bigot
pense,alliance
révère,misère
l’élever,priver
temporelles,éternelles
moyens,biens
renomme,gentilhomme
vanité,piété
l’innocence,naissance
dévotion,ambition
blesse,noblesse
bienséances,conséquences
front,sont
fidèle,modèle
hait,fait
leçons,chansons
père,valère
enclin,libertin
églises,précises
aperçus,là-dessus
fidèles,tourterelles
viendrez,voudrez
assure,discours
discours,l’encolure
l’emportera,aura
m’aime,vous-même
souffrir,offrir
conscience,alliance
fadaises,taises
assurément,impunément
fête,prête
mot,moi
d’obéissance,déférence
vivre,poursuivre
insensé,repoussé
autrui,lui
l’affaire,plaire
charmant,empêchement
douter,éclater
attente,violente
pas,d’embarras
j’enrage,langage
sornettes,faites
faites,timidité
timidité,fermeté
fieffé,coiffé
arrêtée,imputée
vœux,avantageux
fleuri,mari
discours,secours
époux,plaignez-vous
ville,fertile
bienvenue,l’élue
honorer,espérer
musettes,marionnettes
t’émouvoir,désespoir
l’aide,remède
martyre,j’expire
adroitement,amant
certain,dessein
visée,proposée
sérieusement,hautement
conseillez-vous,époux
doute,l’écoute
reçois,crois
plaisir,réussir
accepter,présenter
intentions,résolutions
changement,facilement
pardonne,abandonne
relevé,approuvé
souhaite,faite
m’insulter,contenter
pense,extravagance
revenir,retenir
faire,d’affaire
démêlé,parlé
emportée,traitée
conseil,pareil
avancez,pensez
fous,vous
méchante,affligeante
ingrat,débat
mariage,usage
façons,chansons
extravagance,l’apparence
aisé,proposé
remédie,maladie
délais,mauvais
fâcheuse,bourbeuse
lui,oui
frère,belle-mère
oser,jaser
destins,faquins
m’arrête,tête
emportement,simplement
complots,mots
père,belle-mère
mander,sonder
espoir,voir
descendre,l’attendre
courroux,retirez-vous
discipline,illumine
prisonniers,deniers
blessées,pensées
tentation,impression
radoucit,dit
désire,inspire
instance,convalescence
inquiété,santé
mienne,chrétienne
affaire,éclaire
demandée,accordée
singulière,entière
faits,attraits
haine,m’entraîne
moelleuse,chatouilleuse
merveilleux,miraculeux
foi,dites-moi
charmés,formés
pareilles,merveilles
beautés,transportés
créature,nature
atteint,peint
secrète,adroite
résolut,salut
pudeur,cœur
grande,l’offrande
bonté,infirmité
quiétude,béatitude
galante,surprenante
étrange,ange
qu’humaine,souveraine
bénigne,indigne
consoler,ravaler
folles,paroles
targuer,divulguer
confie,sacrifie
renommée,aimée
rhétorique,s’explique
d’humeur,ardeur
bénignité,témérité
faiblesse,blesse
air,chair
peut-être,paraître
chicane,mariane
répandre,entendre
conduit,nuit
vengeance,insolence
sage,m’engage
raillerie,cagoterie
redevable,favorable
m’obliger,venger
d’affaire,satisfaire
abord,fort
déclarer,déshonorer
impudence,offense
dépendre,défendre
croyable,coupable
d’iniquité,été
souillures,d’ordures
punition,occasion
reprendre,défendre
fausseté,pureté
tort,rapport
favorable,capable
extérieur,meilleur
perfide,d’homicide
détestés,mérités
l’ignominie,vie
grâce,infâme
dure,égratignure
usage,personnage
bannir,retenir
fripon,pardon
succession,malédiction
déplaisir,noircir
ingratitude,rude
j’apporte,sorte
moquez-vous,vois
écoute,doute
femme,l’âme
vie,mortifie
plus,là-dessus
m’engage,d’ombrage
manière,entière
prends,parents
écrit,dépit
usé,accusé
l’offense,vengeance
démêlé,exilé
franchise,scandalise
cœur,aigreur
consentir,sortir
d’égale,scandale
croirait,l’imputerait
coupable,charitable
ménager,engager
colorées,tirées
chargez-vous,nous
vengeances,offenses
humains,souverains
prescrit,l’esprit
pardonne,ordonne
l’oreille,conseille
pensée,intéressée
crains,mains
dessein,prochain
craintes,plaintes
mésuse,accuse
confusion,proposition
maxime,légitime
mis,damis
discrète,retraite
soir,désespoir
prie,d’industrie
troublés,assemblés
naissance,obéissance
donnée,infortunée
j’implore,j’abhorre
désespoir,pouvoir
l’abandonne,personne
austérités,comptés
religieuses,amoureuses
l’accepter,mériter
mariage,davantage
écot,mot
apparences,complaisances
désavouer,jouer
crue,émue
simplement,nullement
sages,sauvages
sagesse,diablesse
incrédulité,vérité
répondez-moi,foi
prendre,entendre
dure,d’imposture
loin,témoin
adresse,promesse
rusé,malaisé
retirez-vous,dessous
jugerez,serez
entende,grande
sortir,repartir
permis,promis
réduite,hypocrite
effrontés,témérités
rendrez,voudrez
insensée,poussée
m’exposer,désabuser
parler,révéler
dise,surprise
possédée,l’idée
l’orage,d’ombrage
jugements,moments
blâmée,enfermée
entendre,défendre
prend,rend
aveu,peu
lâchée,attachée
forcer,d’annoncer
résout,tout
étude,béatitude
liberté,félicité
honnête,s’apprête
vitesse,tendresse
satisfaire,l’affaire
agit,l’esprit
empire,désire
parer,respirer
hommages,témoignages
oppose,chose
ridicules,scrupules
contentements,accommodements
science,conscience
l’action,intention
dire,détruire
l’offense,silence
céder,accorder
prie,galerie
prenez,nez
moment,exactement
sûres,conjectures
l’enfer,léger
contentement,appartement
passionner,donner
bon,ton
témoignage,davantage
prie,cérémonie
saison,maison
recours,détours
détours,injure
injure,l’imposture
repentir,sortir
faite,m’inquiète
événement,entièrement
désespère,mystère
plains,mains
élire,dire
attachés,lâchés
conscience,confidence
persuader,garder
enquête,prête
sûreté,vérité
l’apparence,confidence
sentiment,légèrement
gages,avantages
touchante,méchante
emportements,tempéraments
connu,prévenu
audace,grimace
conséquences,apparences
extrémité,côté
menace,n’efface
nonpareilles,oreilles
gauchir,affranchir
l’assomme,homme
misère,frère
l’infâme,femme
avantages,sages
transféré,retiré
croire,noire
dit,petit
poursuivie,l’envie
répandre,défendre
rebattre,quatre
déçoit,voit
sujette,s’interprète
sottise,éprise
d’ici-bas,pas
pures,mesures
possible,visible
ressorts,efforts
cabale,dédale
quelqu’un,importun
déplaise,aise
affaire,aise
voir,vouloir
éclater,écouter
nuire,désire
jugement,accommodement
normandie,l’envie
licence,ordonnance
passion,sommation
reste,conteste
seigneur,porteur
dire,l’admire
l’office,justice
million,rébellion
jupon,bâton
retire,d’écrire
procès-verbal,déloyal
tendresses,pièces
plaisir,choisir
surséance,l’ordonnance
nuit,bruit
m’apporte,porte
habile,ustensile
pense,indulgence
asséner,donner
étrange,démange
loyal,mal
infâmes,femmes
assez,laissez
joie,t’envoie
t’envoie,droit
droit,l’exploit
connues,nues
consomme,l’homme
enlever,sauver
l’ingrat,contrat
affliger,danger
imposer,accuser
jette,cassette
sujet,secret
l’exécuter,arrêter
animal,fatal
porte,apporte
foudroyant,fuyant
conduite,fuite
vite,gîte
prisonnier,dernier
dernier,m’expédies
m’expédies,perfidies
l’avoue,joue
m’émouvoir,devoir
charitable,misérable
recevoir,devoir
violence,reconnaissance
eux,l’imposteur
manière,révère
déclarez,parez
d’attendre,surprendre
dénoncer,chasser
distraire,faire
criaillerie,prie
l’accomplir,remplir
chaude,fraude
cœurs,imposteurs
d’accès,excès
immortelle,zèle
clartés,lâchetés
lui-même,suprême
renommé,informé
noires,d’histoires
détesté,déloyauté
liens,biens
pense,récompense
misérable,l’accable
vice,justice
déploie,devoir
devoir,pourvoir
valère,sincère
sincère,secrète
secrète,assiette
repartir,mentir
corrompe,trompe
prud’homie,physionomie
accusés,rusés
guères,manières
nourri,chéri
femmes,flammes
rebuté,tranquillité
l’apparence,d’indifférence
difficile,lucile
impatience,assurance
fait,satisfait
d’éclat,état
présence,l’indifférence
dédain,sein
piqué,manqué
philosophie,fie
ennemi,demi
capable,misérable
alarmer,chômer
extrême,t’aime
heureux,cheveux
aise,baise
foi,toi
vérité,volonté
marinette,l’interprète
point,comment
belle,cervelle
trompée,frappée
badin,chagrin
cautionne,bonne
plût,valût
blesse,maîtresse
l’ombrage,personnage
m’apprendre,attendre
caché,cherché
doute,n’écoute
apporté,déité
croyance,pense
d’esprit,écrit
passagère,lumière
manière,courrière
boutique,magnifique
magnifique,bague
prendre,attendre
adorable,favorable
lucile,elle
elle,modèle
fermeté,postérité
austère,satisfaire
sentiments,traitements
m’aime,même
croyez-moi,foi
assurée,altérée
envie,l’humilie
sire,rire
nous,là-dessous
malheureux,amoureux
été,arrêté
serviteur,peur
courtoisie,jalousie
j’éteins,desseins
jette,marinette
rivalité,extrémité
seigneurie,raillerie
passait,repaissait
l’abuse,ruse
secrète,satisfaite
interdit,dit
monsieur,peur
assure,imposture
langue,harangue
bon,bâton
dirai,fâcherai
faire,soustraire
diras,bras
j’impose,chose
endroit,s’aperçoit
verra,témoignera
prudence,connaissance
véritable,détestable
dit,écrit
baye,paye
traîtresse,maîtresse
paix,fais
pique,inique
félon,lestrigon
maîtresse,souplesse
éveillée,travaillée
merci,ici
sûrement,aisément
assurance,silence
secret,regret
connu,retenu
silence,importance
âge,l’héritage
dispense,d’assurance
pressez,assez
richesses,largesses
l’héritage,avantage
événement,sentiment
nourrie,tromperie
commis,promis
intelligence,naissance
mariage,langage
supposition,digression
s’étendre,d’apprendre
s’abuser,déguiser
porte,forte
doucement,l’étonnement
héritage,ombrage
retourner,s’étonner
plus,confondus
comprendre,m’entendre
persuadait,perdait
blessure,d’usure
sentiments,commandements
mystère,dépositaire
gâter,éviter
indifférence,intelligence
l’industrie,tromperie
possède,froide
l’issue,sue
l’arrêter,contenter
conférence,présence
valère,plaire
grand-chose,s’oppose
événement,compliment
attente,obligeante
injustement,tendrement
promesse,maîtresse
penser,m’offenser
absolument,sentiment
transporte,forte
m’oblige,exige
mystère,nécessaire
ouvrir,découvrir
vœux,heureux
avance,puissance
croyez,m’employez
venger,l’affliger
propose,métamorphose
fierté,côté
caprice,d’injustice
déplaît,intérêt
intelligiblement,sentiment
interdit,crédit
cher,toucher
violence,confidence
aura,mourra
assez,intéressez
prie,rêverie
prompte,l’affronte
fin,latin
transporté,déité
message,d’outrage
changements,moments
lâcheté,indignité
s’accuse,excuse
langueur,rigueur
faite,rejette
matrimonion,tentation
folies,saillies
sensiblement,amant
pense,l’espérance
m’affliger,venger
propice,sacrifice
s’exprime,crime
tenté,lâcheté
sévère,colère
ascagne,l’accompagne
perplexité,équité
d’avarice,supplice
plongé,songé
éventée,jetée
conserver,arriver
m’appelle,nouvelle
annoncé,cassé
troisième,l’aime
nourri,praeferri
juré,assuré
destine,doctrine
cracher,prêcher
auguste,s’ajuste
recule,tulle
prie,l’esclavonie
l’âme,flamme
déçu,aperçu
retire,dire
virgile,tranquille
deux,fameux
dites,vîtes
besoin,témoin
témoignage,usage
bonos,peritos
conteste,précepte
précepte,peste
doctement,assurément
t’emporte,sorte
application,inflammation
audience,silence
jamais,vais
poursuivre,ivre
torture,conjure
expresse,connaisse
ôté,l’humanité
détestés,écoutés
renards,vieillards
s’ébattent,combattent
jugés,fustigés
l’aide,téméraire
téméraire,affaire
discourir,recourir
diligence,manigance
évaporé,déclaré
friperie,furie
succéder,accorder
monsieur,bonjour
bonjour,oui
encore,polydore
infinie,cérémonie
compliment,instamment
desseins,crains
infidèle,éternelle
vérité,difficulté
sortie,partie
surprendre,d’apprendre
confusion,action
polydore,l’implore
genoux,vous
aventure,injure
bonté,d’humilité
douceur,malheur
fort,accord
lucile,inutile
grandement,allégement
l’honneur,suborneur
innocente,l’attente
l’offense,alliance
m’apprend,grand
disposé,apaisé
fuite,l’agite
m’attendrit,esprit
redouble,trouble
déportements,moments
terrible,paisible
maison,oraison
nature,imposture
parenté,fausseté
père,affaire
savoir,asseoir
fâcheux,feux
capable,traitable
fortune,d’une
présentement,payement
surprise,promise
avoué,joué
habile,bile
révéler,celer
l’issue,conçue
souhaits,satisfaits
êtes,sornettes
tuer,s’effectuer
sort,d’abord
chanson,soupçon
doux,courroux
mine,machine
inventeur,fureur
volontés,vérités
lucile,civile
devoir,pouvoir
feinte,atteinte
faite,secrète
accroire,foire
quereller,parler
reste,proteste
consentement,châtiment
confesse,presse
assuré,honoré
saillie,publie
parlé,révélé
époux,jaloux
voilà,celle-là
même,stratagème
passion,inclination
m’unir,m’obtenir
bienséance,violence
grâce,grimace
confession,affection
liberté,rajusté
consomme,homme
quelquefois,bois
première,dernière
effrontés,indignités
confessé,confesser
confesser,passé
raillerie,d’effronterie
valet,soufflet
joue,loue
instant,constant
justifieront,bâtonneront
créance,l’impuissance
habile,ville
recherché,marché
parole,capriole
noir,voir
côtés,apprêtés
outré,gré
superflue,vue
regardé,retardé
furie,raillerie
aujourd’hui,d’autrui
frosine,ruine
valère,mystère
obscurités,avortés
présence,naissance
sentiment,amant
lumière,sorcière
sue,issue
propices,précipices
désespoir,voir
distraire,affaire
rebuté,écouté
nouvelle,d’elle
quant-à-moi,toi
museau,carreau
fierté,emporté
abuse,d’excuse
place,d’audace
tard,part
transport,abord
fâchés,péchés
volage,courage
recevoir,valoir
verrions,voudrions
mal,animal
vie,repartie
sera,durera
forts,corps
compas,embarras
empire,tire
l’interprète,girouette
monde,l’onde
comparaison,raison
d’étude,similitude
plaît,s’accroît
ravage,remue-ménage
nautonier,grenier
fantasque,bourrasque
moins,peine
peine,chaîne
offense,indifférence
quoiqu’outragé,dégagé
essaie,plaie
haine,ramène
importunités,rebutés
entière,dernière
vie,l’envie
image,avantage
vain,sein
certaine,chaîne
retracer,effacer
grands,rends
bracelet,cachet
service,supplice
attendrie,envie
obliger,songer
entendre,tendre
autrement,jugement
respectueuse,amoureuse
soucie,vie
l’accorder,demander
belle,immortelle
colère,affaire
museau,peau
nonpareille,oreille
mépris,paris
fanfare,rare
don,laiton
fromage,potage
dernière,faire
reprier,rapatrier
rompue,conclue
fâché,touché
courroux,romprons-nous
toi-même,t’aime
acoquiné,gros-rené
ville,lucile
d’entendre,pendre
l’étonnement,commandement
faire,satisfaire
cerveau,peau
m’appelle,elle
fonde,gronde
justement,nullement
cher,fer
bière,manière
pis,taillis
jointe,pointe
poltron,menton
blessure,assure
ennuyeux,cieux
lumière,carrière
l’achèvera,enragera
encombre...,rebuts...
superflus,mortelles
passer,laisser
informé,animé
style,ville
disent,produisent
frère,rapière
assister,l’ôter
sorte,escorte
l’appréhende,demande
présentement,seulement
crue,rue
faquin,coquin
maudites,chattemites
faire,l’ordinaire
moment,testament
promesse,grossesse
bouquetière,mère
innocent,absent
maternelle,nouvelle
éclairci,jusqu’ici
informé,confirmé
prudemment,l’accommodement
tendresse,allégresse
hardiesse,gentillesse
l’assure,l’aventure
promptement,compliment
révélées,défilées
nécessaire,adversaire
bouger,égorger
arrive,prive
endroit,doit
père,révère
voir,m’émouvoir
menace,face
généreux,eux
remises,requises
fureur,honneur
forcer,balancer
cause,m’oppose
bout,résout
étrange,venge
publique,pique
ennemie,infamie
affliger,venger
l’avantage,langage
criminelle,querelle
m’intéresse,faiblesse
facile,lucile
nécessaire,satisfaire
engagé,chargé
fureur,d’erreur
attachée,cachée
ans,gens
yeux,sérieux
subtile,lucile
dorothée,ôtée
premier,singulier
offense,défense
confus,là-dessus
valère,faire
cependant,incident
langage,carnage
couronné,gros-rené
possédée,vidée
marinette,fleurette
cérémonie,envie
peaux,damoiseaux
compère,sévère
feras,t’adouciras
critiques,pacifiques
lavantage,sage
intentions,corrections
sévérité,société
bizarre,barbare
massujettir,vêtir
sornettes,lêtes
celer,parler
chapeaux,cerveaux
enflure,figure
perdant,pendant
sauces,haut-de-chausses
revêtus,pattus
entraves,esclaves
galants,volants
saccommoder,regarder
empressement,changement
amoureux,queux
fous,tous
accroire,noire
vois,joie
chérir,mourir
accompagnée,rechignée
fortement,habillement
mode,commode
faut,chaud
aïeux,yeux
gronde,monde
sœur,humeur
favorable,raisonnable
aujourdhui,lui
dépendre,prendre
père,dernière
épouser,disposer
enfance,puissance
souci,celle-ci
vôtre,lautre
pimpante,suivante
loisiveté,liberté
mienne,sienne
vêtement,seulement
sage,ménage
loreille,veille
lappelle,delle
taisez-vous,nous
regret,net
défiance,naissance
jour,lamour
faiblesse,cesse
précautions,intentions
pécher,empêcher
éducation,émotion
liberté,daustérité
grilles,filles
feinte,contrainte
régner,gagner
lassaillir,faillir
cesse,jeunesse
douceur,peur
consenti,repenti
compagnies,comédies
familles,filles
mépouser,tyranniser
guère,entière
venants,complaisants
mariage,dâge
ailleurs,meilleurs
hyménée,donnée
sévères,pères
liberté,facilité
troublée,dassemblée
infâme,femme
vécu,cocu
naître,lêtre
plaire,sexagénaire
apprises,sottises
insensé,cassé
hantises,prises
prétendons,dindons
jabhorre,jadore
puissance,connaissance
sévérité,honnêteté
godelureau,chapeau
plaisir,désir
voisins,destins
nouveautés,curiosités
magnificence,naissance
parfois,emplois
paraît,plaît
occupée,laprès-soupée
fou,loup-garou
jenrage,sauvage
sévérité,liberté
conséquences,espérances
raffermi,demi
pères,affaires
talent,galant
fâcheux,eux
avantages,doutrages
belle,disabelle
ardemment,moment
récompense,lassistance
parfois,voix
extrême,laime
étourdi,hardi
use,dexcuse
là,holà
effroyable,condamnable
égaler,parler
cœur,tuteur
belle,isabelle
touche,couche
denfance,confidence
connus,superflus
émotion,commission
prunelle,cervelle
revoir,savoir
vous,là-dessous
visage,message
fruit,produit
passion,lintention
prisonnière,lumière
malade,lambassade
contraire,affaire
dis,logis
impertinent,surprenant
jetée,cachetée
fâcherie,friponnerie
foi,emploi
éclater,conter
cachetée,reportée
espérance,extravagance
désir,louvrir
bonnes,donnes
nage,sage
maison,trahison
encor,dor
irritée,décachetée
bête,boîte
doriginal,mal
capable,adorable
édit,interdit
grandes,demandes
décris,maris
maris,coquetterie
coquetterie,broderie
expressément,hautement
occupée,après-soupée
cheveux,amoureux
coquette,fleurette
loutrage,bagage
rend,grand
fidèle,disabelle
disabelle,folie
despérer,murmurer
lordonne,personne
isabelle,elle
pensé,offensé
subir,soupir
poursuites,mérites
pitié,damitié
éclater,décacheter
poursuite,mérite
blâmer,taimer
croyance,linnocence
dites,poursuites
inclinations,intentions
bonnes,personnes
vie,infamie
comment,damant
damant,enlèvement
secrètes,faites
journée,destinée
raillerie,folie
vertement,ressentiment
méprisée,scandalisée
déguiser,amuser
joue,lavoue
lhonneur,suborneur
surprises,entreprises
défaire,téméraire
lennui,lui
femme,gamme
entreprendre,surprendre
lheure,meilleure
faites,coquettes
paris,maris
celer,paroles
traiter,déclater
déclater,êtes
dhonneur,bonheur
nouvelle,disabelle
fois,choix
soffense,linsolence
dentendre,prétendre
terminé,donné
feintes,plaintes
cœur,derreur
javance,balance
mérites,visites
adresse,tendresse
retour,amour
toute,doute
suprême,extrême
soffenser,prononcer
déquité,vérité
crue,vue
mintéresse,tendresse
chère,entière
cœur,dhorreur
sentiments,tourments
diligence,espérance
honteux,vœux
destinées,données
plaisir,souffrir
extrême,elle-même
préparer,parer
craindre,contraindre
rigueurs,censeurs
aucune,fortune
lassée,laissée
confuse,lexcuse
blâmée,renfermée
comment,amant
flamme,lâme
mienne,retienne
adroitement,dattachement
courroucée,insensée
damour,jour
lespérance,lalliance
ravi,servi
réduit,nuit
mystère,frère
née,soupçonnée
départir,sortir
prie,sortie
frère,affaire
nommer,renfermer
impatience,chance
phébus,écus
sensible,impossible
hasard,tard
favorise,entreprise
lois,voix
demain,main
assurance,puissance
envie,asservie
effrontée,respectée
sœur,lhonneur
commissaire,nécessaire
ensemble,assemble
damoiseau,beau
censeur,douceur
rusée,humanisée
pistoles,folles
produit,poursuit
encor,léonor
mutuelle,isabelle
seulement,contentement
donnée,année
avertir,consentir
enfance,complaisance
protestations,inclinations
laffaire,notaire
prétendu,perdu
lâche,tâche
raisonnements,bernements
apaiser,sépouser
lentrée,montrée
lalliance,lassurance
delle,disabelle
advienne,sienne
examiner,condamner
lépoux,vous
conçue,vue
butor,léonor
elle,mutuelle
agréable,insupportable
goguenard,vieillard
zèle,cervelle
protesté,liberté
suffrage,sengage
traitement,assurément
méritée,portée
peintures,impostures
emportement,diversement
excuse,abuse
souverain,main
affaire,exemplaire
estimer,blâmer
lexpose,chose
étonnement,jugement
personne,friponne
féconde,monde
trompeur,cœur
valère,colère
loups-garous,nous
l’affaire,téméraire
mariage,apanage
garantis,êtes
espèces,pièces
part,cornard
damoiseau,manteau
femelle,fidèle
magnificence,dépense
jeu,dieu
satire,rire
délassent,passent
occurrences,tolérances
nullement,paisiblement
mène,humaine
certain,sous-main
avantage,dommage
autrement,diablement
souffrance,d’importance
déchaîné,berné
prise,tympanise
trames,femmes
dextérités,sûretés
l’innocence,influence
sage,présage
spirituelle,ruelle
madame,réclame
sublime,rime
corbillon,met-on
crème,extrême
parler,filer
marotte,sotte
bête,honnête
idée,fondée
devoir,vouloir
d’ordinaire,faire
profond,répond
sotte,pentecôte
dépendance,naissance
pressée,pensée
pratique,politique
emploierait,pourrait
attente,innocente
fait,souhait
prévoir,voir
naturelle,qu’elle
narration,précaution
l’examiner,condamner
conférence,innocence
l’admire,rire
persuader,demander
bouche,souche
aviser,débaptiser
métairie,seigneurie
connaît,plaît
pères,chimères
démangeaison,comparaison
bourbeux,pompeux
passion,opinion
pense,d’absence
taise,fadaise
agnès,après
témoignage,voyage
portée,inquiétée
chasser,plaisir
plaisir,penser
cornettes,faites
importantes,savantes
science,ignorance
ébloui,oui
hor...,ar...
journées,d’années
citoyens,biens
revenu,connu
mettre,lettre
civiles,inutiles
paroles,pistoles
bâtiments,divertissements
guise,baptise
contenter,coqueter
quelqu’une,fortune
écus,cocus
tablettes,secrètes
occasions,prétentions
franchise,éprise
succès,accès
injure,posture
logis,rougis
l’asservir,ravir
nom,non
m’assujettir,mentir
rare,bizarre
franchise,entreprise
têtes,conquêtes
l’erreur,fureur
pense,confidence
arriver,trouver
impérieux,yeux
dévore,ignore
morceau,damoiseau
apprendre,s’étendre
conjure,m’assure
maudite,fuite
d’haleine,promène
petit,pâtit
descende,grande
l’avertir,sortir
terrible,horrible
chrétien,bien
rudesse,maîtresse
cacher,approcher
maison,comparaison
davantage,potage
manger,charger
comme,l’homme
joyeux,monsieux
auguste,juste
met,alphabet
tempère,faire
d’agnès,exprès
promenade,malade
adroitement,doucement
quoi,soi
inconnu,venu
harangues,langues
sûre,jure
sincérité,ingénuité
vue,salue
civilité,côté
révérence,diligence
repartant,l’instant
regardais,rendais
venue,tenue
tenue,l’ennui
bénir,maintenir
blessé,forcé
damnée,étonnée
bon,balcon
obtenir,entretenir
ruine,médecine
d’âmes,trames
conscience,assistance
innocente,imprudente
mœurs,séducteurs
suites,visites
cassette,georgette
remue,émue
gentillesses,caresses
bras,las
damné,donné
défendre,apprendre
possède,remède
demandé,accordé
compte,m’affronte
désire,rire
cassettes,sornettes
prononcé,courroucé
courrouce,douce
honnêteté,ôté
aise,plaise
réciproque,moque
obligation,satisfaction
compte,prompte
prêt,plaît
berce,commerce
compliment,honnêtement
coin,témoin
assez,obéissez
séducteur,directeur
surprise,mise
instruction,perdition
coutumes,plumes
doux,là-dessous
altérée,curée
apporté,honnêteté
différer,préparer
retour,carfour
ouvrage,visage
villageoise,bourgeoise
embrassements,engagements
instruise,mise
badinage,engage
dépendance,toute-puissance
société,d’égalité
subalterne,gouverne
père,frère
docilité,l’humilité
d’aujourd’hui,d’autrui
vilaines,fredaines
malin,blondin
personne,abandonne
bouillantes,vivantes
coquette,nette
éternité,bonté
novice,office
autant,important
parer,désirer
beauté,conté
d’œillades,pommades
mortelles,belles
rend,défend
déréglées,assemblées
interdire,conspire
vouer,jouer
temps,champs
cerveaux,cadeaux
affaire,guère
chèrement,moment
absence,d’innocence
facile,docile
écarter,rejeter
gauchir,blanchir
fatigue,intrigue
tentées,éventées
cérémonies,bannies
amourettes,êtes
vision,réflexion
vitesse,s’intéresse
aventure,sûre
visage,passage
importunez,nez
répondu,défendu
fenêtre,maître
fierté,jeté
petite,visite
funeste,proteste
rien,moyen
intelligence,vigilance
beauté,simplicité
changement,moment
libéral,brutal
pesante,innocente
agnès,exprès
renonce,réponse
ajustée,jetée
puissantes,étonnantes
d’écrit,d’esprit
personnage,badinage
parade,escalade
avis,puis
bonté,d’ingénuité
nature,blessure
sert,découvert
punissable,admirable
stupidité,clarté
voile,étoile
près,accès
m’observer,trouver
main,l’humain
confie,mortifie
cuisant,pressent
traîtresse,adresse
usurpée,trompée
libertin,destin
elle-même,aime
philosophé,coiffé
richesse,tendresse
j’enrage,visage
tranquille,bile
perçants,pressants
crève,s’achève
éducation,précaution
enfance,espérance
s’amourache,moustache
demi,ami
faire,ordinaire
surprises,mises
déçu,reçu
éclat,contrat
sorte,apporte
aventure,future
l’avantager,l’obliger
appelle,d’icelle
hoirs,vouloirs
formelle,mutuelle
fat,contrat
présume,coutume
grimace,face
finir,venir
trouves-tu,vertu
sûre,j’endure
mémoire,boire
cotillon,échantillon
l’entendre,prendre
rejoins,soins
vue,rue
tenir,bannir
coiffeuses,revendeuses
finesses,adresses
entrer,rencontrer
jure,l’aventure
étions-nous,jaloux
accessoire,armoire
pitoyables,tables
s’émouvait,trouvait
mutinée,cheminée
cornu,venu
manière,colère
ennui,étui
personnage,davantage
connaître,fenêtre
d’agnès,l’accès
l’apprendre,répandre
parfait,sait
nécessaires,désespérer
désespérer,respirer
intelligence,prudence
maturité,éventé
années,destinées
accidents,prudents
affronts,fronts
arrêté,exempté
lumières,matières
méditation,précaution
menti,nanti
exploit,croit
tristesse,dresse
passion,tribulation
visage,l’avantage
lâche,tache
reprocher,empêcher
femme,blâme
d’effroi,foi
cocuage,image
glose,chose
difficultés,extrémités
débonnaires,d’affaires
galants,talents
blâmable,condamnable
galants,turbulents
vouloir,avoir
honnête,s’arrête
rougir,agir
cocuage,s’envisage
l’habileté,côté
confrérie,seigneurie
parler,enrôler
réduite,conduite
malheur,peur
prescrites,dites
diablesses,prouesses
fidèles,d’elles
contenter,tâter
malade,bravade
aucune,m’importune
courroux,souvenez-vous
remède,aide
affection,occasion
confiance,récompense
escalade,embuscade
bâton,échelon
fenêtre,traître
souvenir,revenir
morte,forte
étriller,babiller
galland,grand
violence,obéissance
armer,l’assommer
dire,prescrire
consulter,comporter
horace,grâce
confusion,illusion
peine,souveraine
ainsi,réussi
meurtrissure,l’aventure
espace,place
assommé,alarmé
obscure,figure
venue,tenus
tenus,venus
observée,sauvée
éclater,représenter
d’innocence,impertinence
courir,chérir
embrasée,abusée
emporter,contenter
prudence,confidence
l’envoie,joie
bontés,difficultés
détour,jour
mener,donner
détruire,conduire
amoureuse,joyeuse
dangereux,deux
presse,l’intéresse
assurément,moment
concurrence,assurance
possède,aide
secours,tours
cajole,école
enhardie,perfidie
infame,femme
prêché,péché
pénible,terrible
l’aime,moi-même
mente,l’impudente
pense,puissance
peine,vilaine
double,redouble
pouvoir,m’avoir
pense,enfance
vraiment,joliment
gourmade,bravade
plaire,colère
cœur,noirceur
traîtresses,faiblesses
imperfection,qu’indiscrétion
fragile,imbécile
toi,aime-moi
complaire,faire
veux,amoureux
leste,proteste
caresserai,mangerai
conduire,dire
aller,s’égaler
ingrate,batte
cheveux,veux
indocile,ville
nicher,chercher
demie-heure,demeure
dépaysée,désabusée
ruine,destine
visite,vite
découvrir,aigrir
créance,alliance
douceurs,malheurs
contenter,rester
suffrage,gage
résiste,triste
détourner,donner
diffère,père
répugnance,violence
mollesse,jeunesse
mienne,maintienne
sentiments,attachements
alliance,obéissance
empressement,engagement
l’aigrit,dit
auprès,agnès
peut-être,fenêtre
superbe,proverbe
venez,mutinez
récompense,révérence
ici,mystère-ci
comprendre,l’apprendre
angélique,enrique
fondé,procédé
découvrir,nourrir
guerre,terre
divers,mers
patrie,l’envie
franchise,remise
charité,pauvreté
supplice,propice
dire,père
exécuté,prémédité
mutuelle,belle
chercher,fâcher
guères,mystères
officieux,mieux
supporter,l’écouter
envisage,ménage
raisonner,frissonner
d’époux,vous
suivie,vie
personnage,ménage
touchants,d’enfants
vulgaires,d’affaires
asservie,philosophie
humain,souverain
animale,ravale
attachements,moments
sensibles,horribles
tout-puissant,naissant
élévations,spéculations
terre,resserre
règlements,mouvements
génie,philosophie
ici-bas,appas
contraire,mère
régler,ressembler
guéri,mari
prendre,clitandre
malhonnête,conquête
ignoré,soupiré
vaines,humaines
clitandre,prétendre
sens,encens
perfections,adorations
dépité,sûreté
plaisir,éclaircir
apprendre,prétendre
passion,explication
jette,nette
arrêté,côté
toucher,arracher
envie,soucie
figurer,déclarer
morale,animale
courroux,pratiquez-vous
conduite,profite
hautement,consentement
suffrage,mariage
travailler,railler
fière,guère
ramasser,baisser
descendre,entendre
surprise,franchise
fierté,sincérité
d’âme,femme
absolu,résolu
tante,complaisante
leur,chaleur
sincère,caractère
choquante,savante
fait,sait
mère,chimère
dit,d’esprit
libérale,halle
ennuyeux,yeux
trissotin,chagrin
suffrages,ouvrages
présomption,opinion
rit,écrit
renommée,d’armée
cela,alla
jette,poète
bonne,conte
mystère,mère
amants,truchements
mêler,exiler
bontés,beautés
l’avoue,loue
yeux,ingénieux
empire,j’aspire
demande,j’entende
rebelle,elle
détour,amour
l’engage,hommage
éclairés,épurés
visions,préventions
l’apprendre,clitandre
romaines,fredaines
jaloux,mieux
interprète,d’henriette
charmé,enflammé
l’histoire,croire
instance,alliance
galamment,amusement
d’erreur,sœur
lycidas,appas
damis,soumis
claire,défaire
dit-on,bon
frères,chimères
consentement,agrément
nécessaire,l’affaire
délai,vrai
rage,héritage
yeux,doux
-contre,montre
haine,porcelaine
figurez-vous,courroux
considérable,déraisonnable
négligent,d’argent
pis,commis
bas,vaugelas
vaugelas,là
remontrances,sciences
rois,lois
coupable,impardonnable
détruite,instruite
bon,jargon
langage,usage
incessamment,congrûment
récidive,négative
matériel,pluriel
grammaire,grand-père
nominatif,substantif
regarder,accorder
martine,coquine
obligeant,enfant
raison,d’oraison
intervalles,halles
génie,cacophonie
vaugelas,pas
herbes,verbes
mot,pot
langage,potage
mots,sots
matériels,spirituels
importance,pense
loin,soin
savant,devant
instance,science
ancienneté,monté
j’éclate,rate
irrite,conduite
importune,lune
vous,dessous
économie,philosophie
hausse,-chausse
aiguilles,filles
mœurs,auteurs
concevoir,savoir
polaire,affaire
histoire,boire
suivi,servi
restée,infectée
fracas,vaugelas
blesse,m’adresse
latin,trissotin
tympanisées,billevesées
parlé,fêlé
langage,assemblage
bourgeois,sois
race,place
aînée,d’hyménée
cadette,henriette
faut,vaut
superflue,résolue
conduite,instruite
henriette,faite
gendre,autre
clitandre,gendre
mollesse,faiblesse
l’aise,pèse
douceur,humeur
mystère,colère
ton,dragon
diablerie,mie
faiblesse,maîtresse
abandonnez,nez
nigaud,haut
apostrophe,philosophe
n’égala,cela
moquerie,rie
épigramme,madame
fuyez-vous,doux
ensuite,instruite
envie,prie
s’asseoir,choir
écarté,gravité
mal,madrigal
princesse,délicatesse
audience,avance
entêtement,galamment
lire,fièvre
magnifiquement,superbement
magnifiquement,admirablement
ennemie,endormie
appartement,insolemment
respirer,d’admirer
l’âme,pâme
admirable,impayable
intérêts,caquets
die,énergie
tête,malhonnête
eux,deux
prie,die
fièvre,vie
mains,bains
charmant,ravissement
choses,roses
nouveau,beau
lecture,figure
lien,bien
carrosse,bosse
l’érudition,million
amarante,rente
prose,chose
admirer,d’espérer
amie,académie
arrêté,traité
l’idée,accommodée
dépit,l’esprit
futilités,clartés
offense,intelligence
manteau,nouveau
partage,page
meublées,assemblées
sciences,expériences
proposer,épouser
péripatétisme,platonisme
difficile,subtile
sens,tourbillons
ouverte,découverte
clartés,d’obscurités
une,lune
crois,vois
physique,politique
l’avantage,sage
règlements,remuements
naturelle,mortelle
noms,abandonnons
sentences,conférences
divers,vers
académie,ravie
vanté,postérité
sales,scandales
projets,faits
sages,ouvrages
soumis,amis
d’instance,connaissance
crédit,esprit
intelligence,france
m’engage,hommage
productions,conversations
tables,infatigables
oreilles,veilles
entêtement,sentiment
style,virgile
chansonnettes,faites
rondeaux,madrigaux
admirable,adorable
rues,statues
uranie,compagnie
admirable,misérable
capables,semblables
meilleur,l’auteur
ballade,fade
papier,métier
plagiaire,cuistre
cuistre,faire
larcins,latins
bruit,réduit
déchires,satires
contentement,honorablement
légère,révère
honorable,misérable
t’accabler,redoubler
lieux,victorieux
latin,barbin
d’attaquer,appliquer
henriette,s’inquiète
ornement,moment
épiderme,ferme
donner,moissonner
sciences,connaissances
souscrit,d’esprit
détermine,destine
possède,cède
établissement,ravissement
répondez,m’entendez
faire,mère
époux,prenez-vous
donnée,aînée
différents,parents
grands,parents
péronnelle,elle
balance,obéissance
père,matière
compliment,étrangement
gendre,prétendre
d’écrire,lire
fortifie,philosophie
nouveaux,beaux
prises,sottises
charité,d’honnêteté
offense,éloquence
effroyable,équitable
m’accuser,l’autoriser
s’égale,morale
infidélité,fierté
m’impose,cause
services,sacrifices
poussez,chassez
contraire,vulgaire
pureté,beauté
pensée,débarrassée
grossière,matière
produit,s’ensuit
reste,céleste
part,l’art
philosophie,compagnie
pensées,débarrassées
châtiments,sentiments
m’écouter,contenter
fidèles,corporelles
esprit,s’agit
bontés,fiertés
prie,d’ignominie
destin,trissotin
contraire,adversaire
vaut,haut
l’ignorance,science
adoucissement,seulement
bonnes,ignorants
suppose,chose
habile,facile
fameux,yeux
garant,ignorant
maximes,synonymes
éminent,impertinent
grands,savants
assaillant,reculant
s’offense,france
piquer,moquer
j’essuie,appuie
l’ignorance,défense
flatterie,pédanterie
science,france
service,injustice
noms,dons
cerveau,veau
personnes,couronnes
productions,pensions
attachée,épanchée
fameux,eux
latin,butin
livres,ivres
impertinence,science
emportement,mouvement
valet,billet
lise,sottise
discours,recours
promis,d’ennemis
convie,l’envie
assister,inviter
notaire,l’affaire
nouvelle,rebelle
visées,disposées
persuadé,secondé
gendre,prendre
l’avantage,mariage
notaire,faire
puissance,alliance
attendre,gendre
s’apprête,-tête
capable,considérable
cas,appas
estimer,aimer
raisonnement,aveuglement
présumer,aimer
attachée,touchée
m’expliquer,choquer
s’excite,mérite
autrement,aveuglement
contenter,exécuter
capable,aimable
appas,galimatias
d’amarantes,charmantes
poète,henriette
offenser,cesser
ignorée,durée
mère,chère
charmant,comment
pense,violence
altéré,préparé
préparé,vulgaires
ravie,philosophie
louange,change
incapable,raisonnable
sauvage,langage
science,francs
francs,talents
calendes,demandes
compagnons,plaignons
écrire,produire
conclure,future
gausse,haut-de-chausse
raisonnable,convenable
épilogue,pédagogue
ménage,mariage
madame,femme
accommodement,consentement
reçue,étendue
joyeux,lieux
nouvelles,cruelles
écrire,lire
récriée,priée
voudrez,prendrez
l’infamie,j’essuie
mercenaire,faire
volonté,félicité
rendre,clitandre
extrémité,adversité
lie,vie
d’entendre,clitandre
cœur,déserteur
l’épouseriez,sacrifiez
sacrifie,philosophie
marie,vie
prescrit,dit
